주문번호,주문일시,상품명,옵션정보,수량,상품별 총 주문금액,결제금액,할인금액,배송비 결제금액,수수료합계,정산예정금액,카테고리,정산상태
NV3000000,2026-02-13,"나이키 에어포스 1 '07 화이트",베이지,1,139000,139000,0,3447,7124,128429,"패션/신발",정산완료
NV3000001,2025-10-25,"정관장 홍삼정 에브리타임 밸런스 30포",,1,75000,63750,11250,2562,4445,56743,"건강식품",정산완료
NV3000002,2025-10-03,"설화수 자음2종 세트",XL,1,120000,120000,0,0,6845,113155,"화장품/미용",정산완료
NV3000003,2025-12-20,"애플 에어팟 프로 2세대",,1,359000,359000,0,0,20474,338526,"디지털/가전",정산완료
NV3000004,2026-02-16,"일리 네스프레소 호환 캡슐 100캡슐",,1,45000,45000,0,3364,2649,38987,"식품/음료",정산완료
NV3000005,2025-10-25,"다이슨 에어랩 멀티 스타일러",,2,1498000,1498000,0,2796,80915,1414289,"디지털/가전",정산완료
NV3000006,2026-02-23,"락토핏 생유산균 골드 50포 x 3통",,1,42000,42000,0,0,2157,39843,"건강식품",정산완료
NV3000007,2026-01-19,"크록스 클래식 클로그",M,2,109800,109800,0,3140,5846,100814,"패션/신발",정산완료
NV3000008,2025-10-30,"LG전자 스탠바이미",블랙,2,2080000,2080000,0,0,109569,1970431,"디지털/가전",정산완료
NV3000009,2026-01-24,"아로마티카 로즈마리 스칼프 샴푸",XL,2,48000,48000,0,0,2529,45471,"화장품/미용",정산완료
NV3000010,2025-11-29,"나이키 에어포스 1 '07 화이트",그레이,2,278000,278000,0,3449,14495,260056,"패션/신발",정산완료
NV3000011,2026-01-29,"정관장 홍삼정 에브리타임 밸런스 30포",그레이,2,150000,150000,0,2602,8644,138754,"건강식품",정산완료
NV3000012,2026-03-14,"설화수 자음2종 세트",,1,120000,97200,22800,3346,6124,87730,"화장품/미용",정산완료
NV3000013,2026-02-13,"애플 에어팟 프로 2세대",FREE,2,718000,617480,100520,0,38939,578541,"디지털/가전",정산완료
NV3000014,2026-01-24,"일리 네스프레소 호환 캡슐 100캡슐",L,1,45000,45000,0,0,2505,42495,"식품/음료",정산완료
NV3000015,2025-10-13,"다이슨 에어랩 멀티 스타일러",FREE,1,749000,629160,119840,3094,39199,586867,"디지털/가전",정산완료
NV3000016,2026-02-24,"락토핏 생유산균 골드 50포 x 3통",,1,42000,42000,0,0,2389,39611,"건강식품",정산완료
NV3000017,2026-02-01,"크록스 클래식 클로그",FREE,1,54900,54900,0,0,2815,52085,"패션/신발",정산완료
NV3000018,2025-10-27,"LG전자 스탠바이미",,2,2080000,2080000,0,0,109187,1970813,"디지털/가전",정산완료
NV3000019,2025-11-27,"아로마티카 로즈마리 스칼프 샴푸",네이비,1,24000,24000,0,3209,1361,19430,"화장품/미용",정산완료
NV3000020,2026-01-06,"나이키 에어포스 1 '07 화이트",M,1,139000,115370,23630,2901,8131,104338,"패션/신발",정산완료
NV3000021,2025-11-13,"정관장 홍삼정 에브리타임 밸런스 30포",화이트,2,150000,123000,27000,0,8382,114618,"건강식품",정산완료
NV3000022,2026-01-13,"설화수 자음2종 세트",베이지,2,240000,225600,14400,0,12780,212820,"화장품/미용",정산완료
NV3000023,2026-02-01,"애플 에어팟 프로 2세대",,1,359000,359000,0,0,18876,340124,"디지털/가전",정산완료
NV3000024,2025-12-30,"일리 네스프레소 호환 캡슐 100캡슐",베이지,2,90000,84600,5400,2889,4556,77155,"식품/음료",정산완료
NV3000025,2026-01-13,"다이슨 에어랩 멀티 스타일러",화이트,2,1498000,1498000,0,2918,88328,1406754,"디지털/가전",정산완료
NV3000026,2025-10-27,"락토핏 생유산균 골드 50포 x 3통",베이지,1,42000,42000,0,2629,2321,37050,"건강식품",정산완료
NV3000027,2025-12-31,"크록스 클래식 클로그",,1,54900,54900,0,2817,2853,49230,"패션/신발",정산완료
NV3000028,2026-03-02,"LG전자 스탠바이미",,2,2080000,2080000,0,0,116851,1963149,"디지털/가전",정산완료
NV3000029,2025-11-11,"아로마티카 로즈마리 스칼프 샴푸",베이지,1,24000,22800,1200,0,1291,21509,"화장품/미용",정산완료
NV3000030,2025-12-06,"나이키 에어포스 1 '07 화이트",,2,278000,278000,0,2723,14827,260450,"패션/신발",정산완료
NV3000031,2025-12-08,"정관장 홍삼정 에브리타임 밸런스 30포",,2,150000,150000,0,0,8552,141448,"건강식품",정산완료
NV3000032,2026-01-25,"설화수 자음2종 세트",화이트,1,120000,120000,0,0,6976,113024,"화장품/미용",정산완료
NV3000033,2025-10-09,"애플 에어팟 프로 2세대",그레이,1,359000,290790,68210,2597,19138,269055,"디지털/가전",정산완료
NV3000034,2025-10-08,"일리 네스프레소 호환 캡슐 100캡슐",네이비,2,90000,73800,16200,0,5305,68495,"식품/음료",정산완료
NV3000035,2026-03-04,"다이슨 에어랩 멀티 스타일러",M,1,749000,749000,0,2961,42645,703394,"디지털/가전",정산완료
NV3000036,2025-12-26,"락토핏 생유산균 골드 50포 x 3통",네이비,2,84000,84000,0,3435,4364,76201,"건강식품",정산완료
NV3000037,2025-10-30,"크록스 클래식 클로그",,1,54900,54900,0,2965,2797,49138,"패션/신발",정산완료
NV3000038,2026-02-27,"LG전자 스탠바이미",XL,2,2080000,2080000,0,0,104786,1975214,"디지털/가전",정산완료
NV3000039,2026-01-18,"아로마티카 로즈마리 스칼프 샴푸",,2,48000,48000,0,3258,2511,42231,"화장품/미용",정산완료
NV3000040,2026-02-17,"나이키 에어포스 1 '07 화이트",,1,139000,139000,0,0,7529,131471,"패션/신발",정산완료
NV3000041,2025-11-17,"정관장 홍삼정 에브리타임 밸런스 30포",,1,75000,75000,0,0,4250,70750,"건강식품",정산완료
NV3000042,2025-10-01,"설화수 자음2종 세트",화이트,2,240000,199200,40800,0,12220,186980,"화장품/미용",정산완료
NV3000043,2026-03-03,"애플 에어팟 프로 2세대",M,1,359000,330280,28720,3048,20162,307070,"디지털/가전",정산완료
NV3000044,2025-10-09,"일리 네스프레소 호환 캡슐 100캡슐",화이트,1,45000,40050,4950,0,2331,37719,"식품/음료",정산완료
NV3000045,2025-10-08,"다이슨 에어랩 멀티 스타일러",,1,749000,599200,149800,3478,38010,557712,"디지털/가전",정산완료
NV3000046,2026-03-13,"락토핏 생유산균 골드 50포 x 3통",네이비,1,42000,34440,7560,0,2475,31965,"건강식품",정산완료
NV3000047,2025-11-11,"크록스 클래식 클로그",FREE,2,109800,109800,0,3234,6308,100258,"패션/신발",정산완료
NV3000048,2025-10-12,"LG전자 스탠바이미",,1,1040000,1040000,0,0,57471,982529,"디지털/가전",정산완료
NV3000049,2026-03-07,"아로마티카 로즈마리 스칼프 샴푸",XL,2,48000,48000,0,0,2586,45414,"화장품/미용",정산완료
NV3000050,2026-01-13,"나이키 에어포스 1 '07 화이트",그레이,2,278000,252980,25020,3121,15021,234838,"패션/신발",정산완료
NV3000051,2025-10-16,"정관장 홍삼정 에브리타임 밸런스 30포",블랙,1,75000,75000,0,2676,3912,68412,"건강식품",정산완료
NV3000052,2026-02-08,"설화수 자음2종 세트",L,2,240000,213600,26400,3224,13252,197124,"화장품/미용",정산완료
NV3000053,2025-11-14,"애플 에어팟 프로 2세대",XL,2,718000,588760,129240,0,42656,546104,"디지털/가전",정산완료
NV3000054,2026-01-07,"일리 네스프레소 호환 캡슐 100캡슐",,1,45000,45000,0,0,2512,42488,"식품/음료",정산완료
NV3000055,2026-02-01,"다이슨 에어랩 멀티 스타일러",FREE,2,1498000,1498000,0,3300,81619,1413081,"디지털/가전",정산완료
NV3000056,2025-10-02,"락토핏 생유산균 골드 50포 x 3통",M,1,42000,42000,0,0,2258,39742,"건강식품",정산완료
NV3000057,2025-12-17,"크록스 클래식 클로그",,1,54900,54900,0,0,3201,51699,"패션/신발",정산완료
NV3000058,2025-11-04,"LG전자 스탠바이미",,1,1040000,1040000,0,2834,56902,980264,"디지털/가전",정산완료
NV3000059,2026-02-23,"아로마티카 로즈마리 스칼프 샴푸",,1,24000,24000,0,0,1348,22652,"화장품/미용",정산완료
NV3000060,2025-12-23,"나이키 에어포스 1 '07 화이트",S,2,278000,222400,55600,3017,15275,204108,"패션/신발",정산완료
NV3000061,2026-03-03,"정관장 홍삼정 에브리타임 밸런스 30포",S,1,75000,75000,0,0,3822,71178,"건강식품",정산완료
NV3000062,2026-01-29,"설화수 자음2종 세트",,1,120000,109200,10800,2680,6928,99592,"화장품/미용",정산완료
NV3000063,2026-01-20,"애플 에어팟 프로 2세대",,2,718000,718000,0,2921,37133,677946,"디지털/가전",정산완료
NV3000064,2025-12-07,"일리 네스프레소 호환 캡슐 100캡슐",블랙,1,45000,36900,8100,2519,2699,31682,"식품/음료",정산완료
NV3000065,2025-12-13,"다이슨 에어랩 멀티 스타일러",,1,749000,749000,0,0,43010,705990,"디지털/가전",정산완료
NV3000066,2025-11-21,"락토핏 생유산균 골드 50포 x 3통",,1,42000,42000,0,2699,2393,36908,"건강식품",정산완료
NV3000067,2026-02-01,"크록스 클래식 클로그",L,2,109800,109800,0,3091,6108,100601,"패션/신발",정산완료
NV3000068,2025-12-02,"LG전자 스탠바이미",XL,1,1040000,1040000,0,0,58088,981912,"디지털/가전",정산완료
NV3000069,2025-10-05,"아로마티카 로즈마리 스칼프 샴푸",,1,24000,20640,3360,2939,1398,16303,"화장품/미용",정산완료
NV3000070,2025-11-05,"나이키 에어포스 1 '07 화이트",,2,278000,278000,0,2905,13962,261133,"패션/신발",정산완료
NV3000071,2025-10-17,"정관장 홍삼정 에브리타임 밸런스 30포",,1,75000,75000,0,2980,4286,67734,"건강식품",정산완료
NV3000072,2026-01-04,"설화수 자음2종 세트",화이트,1,120000,120000,0,0,6364,113636,"화장품/미용",정산완료
NV3000073,2026-01-27,"애플 에어팟 프로 2세대",,1,359000,359000,0,3323,20309,335368,"디지털/가전",정산완료
NV3000074,2025-12-28,"일리 네스프레소 호환 캡슐 100캡슐",,2,90000,90000,0,0,5101,84899,"식품/음료",정산완료
NV3000075,2026-01-04,"다이슨 에어랩 멀티 스타일러",,1,749000,749000,0,2831,43832,702337,"디지털/가전",정산완료
NV3000076,2026-01-29,"락토핏 생유산균 골드 50포 x 3통",,2,84000,84000,0,0,4800,79200,"건강식품",정산완료
NV3000077,2025-10-24,"크록스 클래식 클로그",블랙,1,54900,47214,7686,2693,2885,41636,"패션/신발",정산완료
NV3000078,2026-01-28,"LG전자 스탠바이미",,1,1040000,842400,197600,0,57032,785368,"디지털/가전",정산완료
NV3000079,2025-12-29,"아로마티카 로즈마리 스칼프 샴푸",블랙,1,24000,24000,0,0,1365,22635,"화장품/미용",정산완료
NV3000080,2025-10-24,"나이키 에어포스 1 '07 화이트",화이트,1,139000,139000,0,0,7742,131258,"패션/신발",정산완료
NV3000081,2026-02-16,"정관장 홍삼정 에브리타임 밸런스 30포",XL,1,75000,75000,0,3316,3885,67799,"건강식품",정산완료
NV3000082,2026-01-12,"설화수 자음2종 세트",,1,120000,111600,8400,3393,6389,101818,"화장품/미용",정산완료
NV3000083,2025-12-07,"애플 에어팟 프로 2세대",네이비,2,718000,718000,0,0,40768,677232,"디지털/가전",정산완료
NV3000084,2026-02-11,"일리 네스프레소 호환 캡슐 100캡슐",화이트,1,45000,36000,9000,3151,2651,30198,"식품/음료",정산완료
NV3000085,2025-10-22,"다이슨 에어랩 멀티 스타일러",,1,749000,749000,0,0,41731,707269,"디지털/가전",정산완료
NV3000086,2025-10-23,"락토핏 생유산균 골드 50포 x 3통",,1,42000,42000,0,2765,2421,36814,"건강식품",정산완료
NV3000087,2025-12-31,"크록스 클래식 클로그",그레이,2,109800,109800,0,0,6419,103381,"패션/신발",정산완료
NV3000088,2025-10-15,"LG전자 스탠바이미",,1,1040000,1040000,0,3087,59398,977515,"디지털/가전",정산완료
NV3000089,2025-10-30,"아로마티카 로즈마리 스칼프 샴푸",L,2,48000,48000,0,2870,2644,42486,"화장품/미용",정산완료
NV3000090,2025-10-25,"나이키 에어포스 1 '07 화이트",블랙,2,278000,278000,0,0,15684,262316,"패션/신발",정산완료
NV3000091,2025-12-25,"정관장 홍삼정 에브리타임 밸런스 30포",블랙,2,150000,142500,7500,2553,7670,132277,"건강식품",정산완료
NV3000092,2025-11-07,"설화수 자음2종 세트",XL,2,240000,240000,0,0,12471,227529,"화장품/미용",정산완료
NV3000093,2026-01-21,"애플 에어팟 프로 2세대",그레이,1,359000,359000,0,0,19129,339871,"디지털/가전",정산완료
NV3000094,2025-11-24,"일리 네스프레소 호환 캡슐 100캡슐",FREE,2,90000,90000,0,0,4884,85116,"식품/음료",정산완료
NV3000095,2026-03-08,"다이슨 에어랩 멀티 스타일러",,1,749000,749000,0,0,44599,704401,"디지털/가전",정산완료
NV3000096,2025-12-26,"락토핏 생유산균 골드 50포 x 3통",화이트,2,84000,78960,5040,3070,4657,71233,"건강식품",정산완료
NV3000097,2025-10-23,"크록스 클래식 클로그",,1,54900,54900,0,0,3130,51770,"패션/신발",정산완료
NV3000098,2025-11-02,"LG전자 스탠바이미",L,1,1040000,852800,187200,3083,53276,796441,"디지털/가전",정산완료
NV3000099,2026-03-13,"아로마티카 로즈마리 스칼프 샴푸",,2,48000,44640,3360,0,2672,41968,"화장품/미용",정산완료
NV3000100,2025-12-14,"나이키 에어포스 1 '07 화이트",베이지,1,139000,139000,0,0,7639,131361,"패션/신발",정산완료
NV3000101,2025-10-10,"정관장 홍삼정 에브리타임 밸런스 30포",,1,75000,68250,6750,2721,4477,61052,"건강식품",정산완료
NV3000102,2025-10-21,"설화수 자음2종 세트",,1,120000,120000,0,2624,6693,110683,"화장품/미용",정산완료
NV3000103,2025-11-10,"애플 에어팟 프로 2세대",L,1,359000,359000,0,0,19926,339074,"디지털/가전",정산완료
NV3000104,2026-02-12,"일리 네스프레소 호환 캡슐 100캡슐",,1,45000,45000,0,3185,2470,39345,"식품/음료",정산완료
NV3000105,2026-01-18,"다이슨 에어랩 멀티 스타일러",M,2,1498000,1498000,0,0,82228,1415772,"디지털/가전",정산완료
NV3000106,2025-11-08,"락토핏 생유산균 골드 50포 x 3통",네이비,2,84000,70560,13440,2676,5024,62860,"건강식품",정산완료
NV3000107,2025-10-12,"크록스 클래식 클로그",,1,54900,54900,0,0,3089,51811,"패션/신발",정산완료
NV3000108,2026-03-06,"LG전자 스탠바이미",,2,2080000,2080000,0,3063,115604,1961333,"디지털/가전",정산완료
NV3000109,2026-01-26,"아로마티카 로즈마리 스칼프 샴푸",M,2,48000,48000,0,0,2679,45321,"화장품/미용",정산완료
NV3000110,2025-12-01,"나이키 에어포스 1 '07 화이트",,2,278000,278000,0,2770,14989,260241,"패션/신발",정산완료
NV3000111,2025-11-01,"정관장 홍삼정 에브리타임 밸런스 30포",네이비,1,75000,75000,0,0,4025,70975,"건강식품",정산완료
NV3000112,2026-01-26,"설화수 자음2종 세트",네이비,2,240000,208800,31200,3149,14272,191379,"화장품/미용",정산완료
NV3000113,2025-10-29,"애플 에어팟 프로 2세대",M,2,718000,718000,0,2888,37104,678008,"디지털/가전",정산완료
NV3000114,2026-03-03,"일리 네스프레소 호환 캡슐 100캡슐",블랙,1,45000,41850,3150,2686,2432,36732,"식품/음료",정산완료
NV3000115,2025-11-13,"다이슨 에어랩 멀티 스타일러",,1,749000,614180,134820,0,41715,572465,"디지털/가전",정산완료
NV3000116,2025-11-20,"락토핏 생유산균 골드 50포 x 3통",,2,84000,84000,0,0,4557,79443,"건강식품",정산완료
NV3000117,2025-10-12,"크록스 클래식 클로그",화이트,2,109800,109800,0,3178,5964,100658,"패션/신발",정산완료
NV3000118,2025-11-27,"LG전자 스탠바이미",S,2,2080000,2080000,0,0,121847,1958153,"디지털/가전",정산완료
NV3000119,2026-01-25,"아로마티카 로즈마리 스칼프 샴푸",,2,48000,48000,0,2831,2412,42757,"화장품/미용",정산완료
NV3000120,2025-12-14,"나이키 에어포스 1 '07 화이트",XL,2,278000,278000,0,2906,16458,258636,"패션/신발",정산완료
NV3000121,2026-01-07,"정관장 홍삼정 에브리타임 밸런스 30포",,1,75000,75000,0,3118,3798,68084,"건강식품",정산완료
NV3000122,2025-12-14,"설화수 자음2종 세트",베이지,1,120000,120000,0,0,7004,112996,"화장품/미용",정산완료
NV3000123,2026-02-14,"애플 에어팟 프로 2세대",,2,718000,718000,0,0,37789,680211,"디지털/가전",정산완료
NV3000124,2026-02-09,"일리 네스프레소 호환 캡슐 100캡슐",,1,45000,38250,6750,0,2699,35551,"식품/음료",정산완료
NV3000125,2026-01-23,"다이슨 에어랩 멀티 스타일러",L,2,1498000,1408120,89880,0,85777,1322343,"디지털/가전",정산완료
NV3000126,2026-02-04,"락토핏 생유산균 골드 50포 x 3통",화이트,1,42000,42000,0,0,2391,39609,"건강식품",정산완료
NV3000127,2025-11-28,"크록스 클래식 클로그",,2,109800,109800,0,2902,6507,100391,"패션/신발",정산완료
NV3000128,2025-11-13,"LG전자 스탠바이미",,1,1040000,1040000,0,2582,57267,980151,"디지털/가전",정산완료
NV3000129,2026-03-04,"아로마티카 로즈마리 스칼프 샴푸",,1,24000,24000,0,2990,1293,19717,"화장품/미용",정산완료
NV3000130,2025-11-27,"나이키 에어포스 1 '07 화이트",베이지,1,139000,139000,0,3256,7225,128519,"패션/신발",정산완료
NV3000131,2025-11-05,"정관장 홍삼정 에브리타임 밸런스 30포",,1,75000,75000,0,2656,4487,67857,"건강식품",정산완료
NV3000132,2026-03-04,"설화수 자음2종 세트",L,2,240000,240000,0,0,12248,227752,"화장품/미용",정산완료
NV3000133,2025-10-09,"애플 에어팟 프로 2세대",,2,718000,718000,0,0,37444,680556,"디지털/가전",정산완료
NV3000134,2026-01-10,"일리 네스프레소 호환 캡슐 100캡슐",M,2,90000,90000,0,3332,4534,82134,"식품/음료",정산완료
NV3000135,2026-01-10,"다이슨 에어랩 멀티 스타일러",S,2,1498000,1333220,164780,2724,86928,1243568,"디지털/가전",정산완료
NV3000136,2025-10-18,"락토핏 생유산균 골드 50포 x 3통",M,2,84000,70560,13440,2719,4573,63268,"건강식품",정산완료
NV3000137,2025-12-13,"크록스 클래식 클로그",,1,54900,44469,10431,3427,3249,37793,"패션/신발",정산완료
NV3000138,2025-12-27,"LG전자 스탠바이미",M,2,2080000,1892800,187200,0,107449,1785351,"디지털/가전",정산완료
NV3000139,2026-02-26,"아로마티카 로즈마리 스칼프 샴푸",,1,24000,20160,3840,0,1351,18809,"화장품/미용",정산완료
NV3000140,2026-02-07,"나이키 에어포스 1 '07 화이트",,2,278000,252980,25020,3180,15035,234765,"패션/신발",정산완료
NV3000141,2025-10-30,"정관장 홍삼정 에브리타임 밸런스 30포",화이트,1,75000,75000,0,0,4294,70706,"건강식품",정산완료
NV3000142,2026-02-20,"설화수 자음2종 세트",네이비,2,240000,194400,45600,2916,14384,177100,"화장품/미용",정산완료
NV3000143,2025-12-16,"애플 에어팟 프로 2세대",,2,718000,718000,0,0,42886,675114,"디지털/가전",정산완료
NV3000144,2025-11-16,"일리 네스프레소 호환 캡슐 100캡슐",FREE,2,90000,81900,8100,0,5208,76692,"식품/음료",정산완료
NV3000145,2026-01-26,"다이슨 에어랩 멀티 스타일러",XL,2,1498000,1498000,0,0,78740,1419260,"디지털/가전",정산완료
NV3000146,2025-12-21,"락토핏 생유산균 골드 50포 x 3통",S,2,84000,75600,8400,2636,5017,67947,"건강식품",정산완료
NV3000147,2025-10-03,"크록스 클래식 클로그",,1,54900,45567,9333,2987,3113,39467,"패션/신발",정산완료
NV3000148,2025-11-14,"LG전자 스탠바이미",,2,2080000,1788800,291200,2668,114313,1671819,"디지털/가전",정산완료
NV3000149,2025-10-23,"아로마티카 로즈마리 스칼프 샴푸",블랙,2,48000,48000,0,3219,2735,42046,"화장품/미용",정산완료
NV3000150,2025-10-07,"나이키 에어포스 1 '07 화이트",FREE,1,139000,139000,0,3273,6970,128757,"패션/신발",정산완료
NV3000151,2026-01-24,"정관장 홍삼정 에브리타임 밸런스 30포",블랙,2,150000,150000,0,2529,7548,139923,"건강식품",정산완료
NV3000152,2025-12-24,"설화수 자음2종 세트",,1,120000,108000,12000,0,6411,101589,"화장품/미용",정산완료
NV3000153,2025-12-14,"애플 에어팟 프로 2세대",,2,718000,718000,0,0,41722,676278,"디지털/가전",정산완료
NV3000154,2026-02-22,"일리 네스프레소 호환 캡슐 100캡슐",,1,45000,45000,0,0,2386,42614,"식품/음료",정산완료
NV3000155,2025-10-06,"다이슨 에어랩 멀티 스타일러",,1,749000,749000,0,3119,44685,701196,"디지털/가전",정산완료
NV3000156,2025-11-18,"락토핏 생유산균 골드 50포 x 3통",,2,84000,84000,0,2683,4765,76552,"건강식품",정산완료
NV3000157,2025-10-18,"크록스 클래식 클로그",,2,109800,109800,0,0,6564,103236,"패션/신발",정산완료
NV3000158,2026-02-11,"LG전자 스탠바이미",베이지,2,2080000,2080000,0,0,109114,1970886,"디지털/가전",정산완료
NV3000159,2025-10-19,"아로마티카 로즈마리 스칼프 샴푸",M,1,24000,24000,0,0,1308,22692,"화장품/미용",정산완료
NV3000160,2025-11-06,"나이키 에어포스 1 '07 화이트",베이지,2,278000,227960,50040,3326,16293,208341,"패션/신발",정산완료
NV3000161,2026-02-14,"정관장 홍삼정 에브리타임 밸런스 30포",M,2,150000,150000,0,0,8533,141467,"건강식품",정산완료
NV3000162,2026-02-16,"설화수 자음2종 세트",XL,1,120000,120000,0,3273,6380,110347,"화장품/미용",정산완료
NV3000163,2025-10-23,"애플 에어팟 프로 2세대",,1,359000,359000,0,0,21419,337581,"디지털/가전",정산완료
NV3000164,2025-12-01,"일리 네스프레소 호환 캡슐 100캡슐",FREE,2,90000,75600,14400,2563,5013,68024,"식품/음료",정산완료
NV3000165,2025-11-30,"다이슨 에어랩 멀티 스타일러",그레이,2,1498000,1498000,0,3126,80238,1414636,"디지털/가전",정산완료
NV3000166,2025-12-18,"락토핏 생유산균 골드 50포 x 3통",,2,84000,84000,0,0,4661,79339,"건강식품",정산완료
NV3000167,2025-10-11,"크록스 클래식 클로그",화이트,1,54900,54900,0,0,2857,52043,"패션/신발",정산완료
NV3000168,2025-10-01,"LG전자 스탠바이미",베이지,1,1040000,873600,166400,0,56897,816703,"디지털/가전",정산완료
NV3000169,2025-11-20,"아로마티카 로즈마리 스칼프 샴푸",화이트,1,24000,24000,0,2544,1221,20235,"화장품/미용",정산완료
NV3000170,2025-10-30,"나이키 에어포스 1 '07 화이트",,2,278000,278000,0,0,14197,263803,"패션/신발",정산완료
NV3000171,2025-10-11,"정관장 홍삼정 에브리타임 밸런스 30포",블랙,1,75000,70500,4500,0,4372,66128,"건강식품",정산완료
NV3000172,2025-10-19,"설화수 자음2종 세트",블랙,1,120000,120000,0,2835,6323,110842,"화장품/미용",정산완료
NV3000173,2026-03-07,"애플 에어팟 프로 2세대",,2,718000,718000,0,0,41929,676071,"디지털/가전",정산완료
NV3000174,2026-01-08,"일리 네스프레소 호환 캡슐 100캡슐",화이트,1,45000,45000,0,0,2278,42722,"식품/음료",정산완료
NV3000175,2026-03-13,"다이슨 에어랩 멀티 스타일러",그레이,1,749000,749000,0,3107,40116,705777,"디지털/가전",정산완료
NV3000176,2026-01-21,"락토핏 생유산균 골드 50포 x 3통",네이비,2,84000,84000,0,3145,5004,75851,"건강식품",정산완료
NV3000177,2026-03-14,"크록스 클래식 클로그",화이트,1,54900,54900,0,0,2756,52144,"패션/신발",정산완료
NV3000178,2025-12-18,"LG전자 스탠바이미",베이지,1,1040000,1040000,0,2918,52686,984396,"디지털/가전",정산완료
NV3000179,2025-11-04,"아로마티카 로즈마리 스칼프 샴푸",S,1,24000,19440,4560,2888,1400,15152,"화장품/미용",정산완료
NV3000180,2026-01-28,"나이키 에어포스 1 '07 화이트",,2,278000,278000,0,2972,13979,261049,"패션/신발",정산완료
NV3000181,2026-02-28,"정관장 홍삼정 에브리타임 밸런스 30포",그레이,2,150000,150000,0,0,8454,141546,"건강식품",정산완료
NV3000182,2025-11-19,"설화수 자음2종 세트",블랙,2,240000,240000,0,0,12451,227549,"화장품/미용",정산완료
NV3000183,2025-11-01,"애플 에어팟 프로 2세대",베이지,1,359000,294380,64620,3478,20593,270309,"디지털/가전",정산완료
NV3000184,2026-01-22,"일리 네스프레소 호환 캡슐 100캡슐",S,1,45000,45000,0,2696,2543,39761,"식품/음료",정산완료
NV3000185,2026-01-03,"다이슨 에어랩 멀티 스타일러",베이지,2,1498000,1498000,0,0,87650,1410350,"디지털/가전",정산완료
NV3000186,2026-02-25,"락토핏 생유산균 골드 50포 x 3통",블랙,1,42000,42000,0,2831,2298,36871,"건강식품",정산완료
NV3000187,2026-02-17,"크록스 클래식 클로그",,2,109800,109800,0,2952,6302,100546,"패션/신발",정산완료
NV3000188,2026-03-07,"LG전자 스탠바이미",FREE,2,2080000,2080000,0,3005,123611,1953384,"디지털/가전",정산완료
NV3000189,2026-02-13,"아로마티카 로즈마리 스칼프 샴푸",,1,24000,24000,0,0,1262,22738,"화장품/미용",정산완료
NV3000190,2026-02-13,"나이키 에어포스 1 '07 화이트",,1,139000,111200,27800,0,7554,103646,"패션/신발",정산완료
NV3000191,2025-11-07,"정관장 홍삼정 에브리타임 밸런스 30포",,2,150000,150000,0,0,8848,141152,"건강식품",정산완료
NV3000192,2025-11-19,"설화수 자음2종 세트",,1,120000,120000,0,0,6948,113052,"화장품/미용",정산완료
NV3000193,2026-03-02,"애플 에어팟 프로 2세대",,1,359000,359000,0,2662,20570,335768,"디지털/가전",정산완료
NV3000194,2026-02-25,"일리 네스프레소 호환 캡슐 100캡슐",FREE,2,90000,83700,6300,0,5169,78531,"식품/음료",정산완료
NV3000195,2025-11-28,"다이슨 에어랩 멀티 스타일러",XL,1,749000,749000,0,2859,42991,703150,"디지털/가전",정산완료
NV3000196,2026-02-21,"락토핏 생유산균 골드 50포 x 3통",베이지,2,84000,84000,0,0,4340,79660,"건강식품",정산완료
NV3000197,2025-11-29,"크록스 클래식 클로그",블랙,2,109800,109800,0,0,5820,103980,"패션/신발",정산완료
NV3000198,2026-02-06,"LG전자 스탠바이미",베이지,1,1040000,884000,156000,0,55863,828137,"디지털/가전",정산완료
NV3000199,2026-02-06,"아로마티카 로즈마리 스칼프 샴푸",L,1,24000,24000,0,0,1326,22674,"화장품/미용",정산완료
NV3000200,2025-11-11,"나이키 에어포스 1 '07 화이트",L,2,278000,278000,0,2522,16493,258985,"패션/신발",정산완료
NV3000201,2025-10-11,"정관장 홍삼정 에브리타임 밸런스 30포",베이지,2,150000,150000,0,2984,8946,138070,"건강식품",정산완료
NV3000202,2026-01-10,"설화수 자음2종 세트",그레이,2,240000,216000,24000,0,12911,203089,"화장품/미용",정산완료
NV3000203,2025-10-18,"애플 에어팟 프로 2세대",FREE,1,359000,359000,0,0,19204,339796,"디지털/가전",정산완료
NV3000204,2025-10-03,"일리 네스프레소 호환 캡슐 100캡슐",,2,90000,90000,0,0,4866,85134,"식품/음료",정산완료
NV3000205,2025-12-16,"다이슨 에어랩 멀티 스타일러",,2,1498000,1498000,0,0,75019,1422981,"디지털/가전",정산완료
NV3000206,2026-02-25,"락토핏 생유산균 골드 50포 x 3통",L,1,42000,42000,0,3409,2338,36253,"건강식품",정산완료
NV3000207,2025-10-17,"크록스 클래식 클로그",화이트,1,54900,54900,0,2908,2878,49114,"패션/신발",정산완료
NV3000208,2026-01-13,"LG전자 스탠바이미",,2,2080000,1768000,312000,2889,122024,1643087,"디지털/가전",정산완료
NV3000209,2026-02-16,"아로마티카 로즈마리 스칼프 샴푸",,2,48000,45600,2400,3248,2680,39672,"화장품/미용",정산완료
NV3000210,2025-10-29,"나이키 에어포스 1 '07 화이트",,1,139000,139000,0,3191,6972,128837,"패션/신발",정산완료
NV3000211,2026-03-11,"정관장 홍삼정 에브리타임 밸런스 30포",,2,150000,150000,0,2981,8242,138777,"건강식품",정산완료
NV3000212,2025-10-11,"설화수 자음2종 세트",,1,120000,120000,0,3429,7184,109387,"화장품/미용",정산완료
NV3000213,2026-01-19,"애플 에어팟 프로 2세대",,1,359000,359000,0,3048,21262,334690,"디지털/가전",정산완료
NV3000214,2026-03-01,"일리 네스프레소 호환 캡슐 100캡슐",M,1,45000,45000,0,2964,2255,39781,"식품/음료",정산완료
NV3000215,2026-01-27,"다이슨 에어랩 멀티 스타일러",베이지,2,1498000,1498000,0,0,89109,1408891,"디지털/가전",정산완료
NV3000216,2025-12-31,"락토핏 생유산균 골드 50포 x 3통",L,1,42000,35700,6300,2773,2259,30668,"건강식품",정산완료
NV3000217,2026-02-26,"크록스 클래식 클로그",,2,109800,109800,0,0,6550,103250,"패션/신발",정산완료
NV3000218,2025-12-28,"LG전자 스탠바이미",,2,2080000,2080000,0,2512,115254,1962234,"디지털/가전",정산완료
NV3000219,2025-11-25,"아로마티카 로즈마리 스칼프 샴푸",,2,48000,48000,0,2779,2817,42404,"화장품/미용",정산완료
NV3000220,2026-02-11,"나이키 에어포스 1 '07 화이트",,2,278000,278000,0,0,14382,263618,"패션/신발",정산완료
NV3000221,2025-10-30,"정관장 홍삼정 에브리타임 밸런스 30포",베이지,1,75000,75000,0,2885,3972,68143,"건강식품",정산완료
NV3000222,2025-11-11,"설화수 자음2종 세트",,1,120000,114000,6000,2699,6721,104580,"화장품/미용",정산완료
NV3000223,2026-01-02,"애플 에어팟 프로 2세대",네이비,1,359000,359000,0,2697,18583,337720,"디지털/가전",정산완료
NV3000224,2026-01-03,"일리 네스프레소 호환 캡슐 100캡슐",,2,90000,90000,0,2854,5106,82040,"식품/음료",정산완료
NV3000225,2026-01-14,"다이슨 에어랩 멀티 스타일러",,1,749000,749000,0,2997,38457,707546,"디지털/가전",정산완료
NV3000226,2025-12-30,"락토핏 생유산균 골드 50포 x 3통",L,1,42000,42000,0,3150,2218,36632,"건강식품",정산완료
NV3000227,2025-12-20,"크록스 클래식 클로그",M,1,54900,45018,9882,0,3160,41858,"패션/신발",정산완료
NV3000228,2025-10-12,"LG전자 스탠바이미",블랙,1,1040000,1040000,0,0,56191,983809,"디지털/가전",정산완료
NV3000229,2026-02-11,"아로마티카 로즈마리 스칼프 샴푸",,2,48000,44160,3840,2695,2402,39063,"화장품/미용",정산완료
NV3000230,2026-02-27,"나이키 에어포스 1 '07 화이트",,1,139000,119540,19460,0,7340,112200,"패션/신발",정산완료
NV3000231,2026-01-07,"정관장 홍삼정 에브리타임 밸런스 30포",,1,75000,75000,0,0,4458,70542,"건강식품",정산완료
NV3000232,2025-11-22,"설화수 자음2종 세트",블랙,2,240000,240000,0,0,12310,227690,"화장품/미용",정산완료
NV3000233,2026-01-21,"애플 에어팟 프로 2세대",화이트,2,718000,718000,0,0,39348,678652,"디지털/가전",정산완료
NV3000234,2026-01-22,"일리 네스프레소 호환 캡슐 100캡슐",L,2,90000,90000,0,0,4979,85021,"식품/음료",정산완료
NV3000235,2026-01-26,"다이슨 에어랩 멀티 스타일러",,1,749000,749000,0,0,44631,704369,"디지털/가전",정산완료
NV3000236,2026-02-26,"락토핏 생유산균 골드 50포 x 3통",,2,84000,84000,0,2938,4394,76668,"건강식품",정산완료
NV3000237,2025-10-17,"크록스 클래식 클로그",,1,54900,54900,0,0,3233,51667,"패션/신발",정산완료
NV3000238,2026-02-20,"LG전자 스탠바이미",,1,1040000,988000,52000,0,57346,930654,"디지털/가전",정산완료
NV3000239,2025-12-19,"아로마티카 로즈마리 스칼프 샴푸",,2,48000,48000,0,2873,2499,42628,"화장품/미용",정산완료
NV3000240,2025-10-21,"나이키 에어포스 1 '07 화이트",M,2,278000,222400,55600,3132,16440,202828,"패션/신발",정산완료
NV3000241,2025-11-16,"정관장 홍삼정 에브리타임 밸런스 30포",,2,150000,132000,18000,3322,7962,120716,"건강식품",정산완료
NV3000242,2025-10-08,"설화수 자음2종 세트",,2,240000,225600,14400,3116,13434,209050,"화장품/미용",정산완료
NV3000243,2025-12-30,"애플 에어팟 프로 2세대",S,2,718000,595940,122060,0,43032,552908,"디지털/가전",정산완료
NV3000244,2025-10-22,"일리 네스프레소 호환 캡슐 100캡슐",,1,45000,45000,0,0,2520,42480,"식품/음료",정산완료
NV3000245,2026-01-29,"다이슨 에어랩 멀티 스타일러",XL,1,749000,704060,44940,2679,43542,657839,"디지털/가전",정산완료
NV3000246,2026-01-30,"락토핏 생유산균 골드 50포 x 3통",베이지,1,42000,42000,0,2876,2450,36674,"건강식품",정산완료
NV3000247,2026-01-07,"크록스 클래식 클로그",M,2,109800,109800,0,3141,5677,100982,"패션/신발",정산완료
NV3000248,2025-10-10,"LG전자 스탠바이미",S,2,2080000,2080000,0,0,116029,1963971,"디지털/가전",정산완료
NV3000249,2025-10-09,"아로마티카 로즈마리 스칼프 샴푸",베이지,2,48000,48000,0,0,2580,45420,"화장품/미용",정산완료
NV3000250,2026-02-11,"나이키 에어포스 1 '07 화이트",화이트,2,278000,239080,38920,3024,14795,221261,"패션/신발",정산완료
NV3000251,2025-10-13,"정관장 홍삼정 에브리타임 밸런스 30포",,1,75000,60750,14250,2517,4354,53879,"건강식품",정산완료
NV3000252,2025-11-06,"설화수 자음2종 세트",FREE,1,120000,120000,0,0,6123,113877,"화장품/미용",정산완료
NV3000253,2026-02-26,"애플 에어팟 프로 2세대",,1,359000,359000,0,0,21200,337800,"디지털/가전",정산완료
NV3000254,2025-11-03,"일리 네스프레소 호환 캡슐 100캡슐",블랙,2,90000,90000,0,0,5006,84994,"식품/음료",정산완료
NV3000255,2025-11-07,"다이슨 에어랩 멀티 스타일러",블랙,1,749000,749000,0,2766,44590,701644,"디지털/가전",정산완료
NV3000256,2025-10-17,"락토핏 생유산균 골드 50포 x 3통",S,2,84000,84000,0,3127,4687,76186,"건강식품",정산완료
NV3000257,2025-10-19,"크록스 클래식 클로그",S,2,109800,109800,0,2947,5861,100992,"패션/신발",정산완료
NV3000258,2026-02-11,"LG전자 스탠바이미",,2,2080000,2080000,0,0,120807,1959193,"디지털/가전",정산완료
NV3000259,2025-11-03,"아로마티카 로즈마리 스칼프 샴푸",,1,24000,24000,0,3238,1425,19337,"화장품/미용",정산완료
NV3000260,2026-03-01,"나이키 에어포스 1 '07 화이트",블랙,2,278000,247420,30580,2839,14542,230039,"패션/신발",정산완료
NV3000261,2026-03-14,"정관장 홍삼정 에브리타임 밸런스 30포",,2,150000,150000,0,0,8435,141565,"건강식품",정산완료
NV3000262,2026-02-18,"설화수 자음2종 세트",FREE,2,240000,240000,0,2865,12866,224269,"화장품/미용",정산완료
NV3000263,2025-11-22,"애플 에어팟 프로 2세대",,2,718000,603120,114880,0,39244,563876,"디지털/가전",정산완료
NV3000264,2025-10-19,"일리 네스프레소 호환 캡슐 100캡슐",M,2,90000,72000,18000,0,4984,67016,"식품/음료",정산완료
NV3000265,2026-01-31,"다이슨 에어랩 멀티 스타일러",M,2,1498000,1498000,0,0,81239,1416761,"디지털/가전",정산완료
NV3000266,2025-12-04,"락토핏 생유산균 골드 50포 x 3통",화이트,2,84000,84000,0,0,4351,79649,"건강식품",정산완료
NV3000267,2025-10-15,"크록스 클래식 클로그",,2,109800,93330,16470,0,5692,87638,"패션/신발",정산완료
NV3000268,2025-10-04,"LG전자 스탠바이미",FREE,1,1040000,884000,156000,2679,61975,819346,"디지털/가전",정산완료
NV3000269,2025-11-14,"아로마티카 로즈마리 스칼프 샴푸",L,2,48000,43200,4800,3063,2702,37435,"화장품/미용",정산완료
NV3000270,2025-12-14,"나이키 에어포스 1 '07 화이트",베이지,1,139000,139000,0,2903,7576,128521,"패션/신발",정산완료
NV3000271,2025-10-16,"정관장 홍삼정 에브리타임 밸런스 30포",베이지,2,150000,150000,0,3119,8784,138097,"건강식품",정산완료
NV3000272,2025-11-11,"설화수 자음2종 세트",그레이,2,240000,201600,38400,2730,12715,186155,"화장품/미용",정산완료
NV3000273,2026-01-04,"애플 에어팟 프로 2세대",네이비,1,359000,359000,0,0,19288,339712,"디지털/가전",정산완료
NV3000274,2025-12-05,"일리 네스프레소 호환 캡슐 100캡슐",,2,90000,78300,11700,0,4852,73448,"식품/음료",정산완료
NV3000275,2025-10-21,"다이슨 에어랩 멀티 스타일러",,2,1498000,1378160,119840,0,76587,1301573,"디지털/가전",정산완료
NV3000276,2025-11-22,"락토핏 생유산균 골드 50포 x 3통",M,2,84000,84000,0,0,4235,79765,"건강식품",정산완료
NV3000277,2026-02-18,"크록스 클래식 클로그",,2,109800,109800,0,3238,5810,100752,"패션/신발",정산완료
NV3000278,2025-11-16,"LG전자 스탠바이미",,2,2080000,2080000,0,2919,114477,1962604,"디지털/가전",정산완료
NV3000279,2025-10-13,"아로마티카 로즈마리 스칼프 샴푸",블랙,2,48000,48000,0,0,2847,45153,"화장품/미용",정산완료
NV3000280,2025-12-17,"나이키 에어포스 1 '07 화이트",FREE,2,278000,244640,33360,0,14897,229743,"패션/신발",정산완료
NV3000281,2026-03-08,"정관장 홍삼정 에브리타임 밸런스 30포",M,2,150000,150000,0,2740,7824,139436,"건강식품",정산완료
NV3000282,2025-11-23,"설화수 자음2종 세트",,1,120000,120000,0,2726,6073,111201,"화장품/미용",정산완료
NV3000283,2025-11-27,"애플 에어팟 프로 2세대",L,2,718000,718000,0,3346,38533,676121,"디지털/가전",정산완료
NV3000284,2026-01-20,"일리 네스프레소 호환 캡슐 100캡슐",,1,45000,45000,0,3425,2412,39163,"식품/음료",정산완료
NV3000285,2026-02-14,"다이슨 에어랩 멀티 스타일러",블랙,2,1498000,1498000,0,3219,86207,1408574,"디지털/가전",정산완료
NV3000286,2025-12-14,"락토핏 생유산균 골드 50포 x 3통",,2,84000,84000,0,0,4719,79281,"건강식품",정산완료
NV3000287,2026-02-21,"크록스 클래식 클로그",XL,1,54900,54900,0,0,3113,51787,"패션/신발",정산완료
NV3000288,2025-12-01,"LG전자 스탠바이미",S,1,1040000,894400,145600,3396,58041,832963,"디지털/가전",정산완료
NV3000289,2026-01-23,"아로마티카 로즈마리 스칼프 샴푸",,1,24000,24000,0,0,1254,22746,"화장품/미용",정산완료
NV3000290,2026-02-07,"나이키 에어포스 1 '07 화이트",S,1,139000,123710,15290,0,7220,116490,"패션/신발",정산완료
NV3000291,2025-11-21,"정관장 홍삼정 에브리타임 밸런스 30포",L,1,75000,75000,0,0,4146,70854,"건강식품",정산완료
NV3000292,2025-10-18,"설화수 자음2종 세트",,2,240000,240000,0,3139,12385,224476,"화장품/미용",정산완료
NV3000293,2025-12-07,"애플 에어팟 프로 2세대",,1,359000,359000,0,2719,18447,337834,"디지털/가전",정산완료
NV3000294,2025-10-19,"일리 네스프레소 호환 캡슐 100캡슐",,1,45000,40500,4500,3498,2494,34508,"식품/음료",정산완료
NV3000295,2025-10-09,"다이슨 에어랩 멀티 스타일러",베이지,1,749000,749000,0,3331,39521,706148,"디지털/가전",정산완료
NV3000296,2026-02-15,"락토핏 생유산균 골드 50포 x 3통",L,1,42000,42000,0,3231,2174,36595,"건강식품",정산완료
NV3000297,2025-10-26,"크록스 클래식 클로그",네이비,2,109800,109800,0,0,6568,103232,"패션/신발",정산완료
NV3000298,2025-11-11,"LG전자 스탠바이미",M,2,2080000,1872000,208000,0,105446,1766554,"디지털/가전",정산완료
NV3000299,2025-12-30,"아로마티카 로즈마리 스칼프 샴푸",,1,24000,19200,4800,3145,1232,14823,"화장품/미용",정산완료
NV3000300,2025-12-08,"나이키 에어포스 1 '07 화이트",,2,278000,278000,0,2965,13921,261114,"패션/신발",정산완료
NV3000301,2025-10-15,"정관장 홍삼정 에브리타임 밸런스 30포",,1,75000,68250,6750,0,4500,63750,"건강식품",정산완료
NV3000302,2026-02-18,"설화수 자음2종 세트",블랙,2,240000,240000,0,3296,12305,224399,"화장품/미용",정산완료
NV3000303,2025-12-21,"애플 에어팟 프로 2세대",블랙,2,718000,617480,100520,2642,41415,573423,"디지털/가전",정산완료
NV3000304,2025-10-03,"일리 네스프레소 호환 캡슐 100캡슐",,2,90000,90000,0,0,5335,84665,"식품/음료",정산완료
NV3000305,2025-12-22,"다이슨 에어랩 멀티 스타일러",,1,749000,749000,0,3145,40981,704874,"디지털/가전",정산완료
NV3000306,2025-11-05,"락토핏 생유산균 골드 50포 x 3통",XL,2,84000,84000,0,2573,4298,77129,"건강식품",정산완료
NV3000307,2026-01-29,"크록스 클래식 클로그",,2,109800,109800,0,0,6561,103239,"패션/신발",정산완료
NV3000308,2025-12-05,"LG전자 스탠바이미",,2,2080000,1705600,374400,2843,105423,1597334,"디지털/가전",정산완료
NV3000309,2026-01-23,"아로마티카 로즈마리 스칼프 샴푸",L,1,24000,24000,0,2648,1429,19923,"화장품/미용",정산완료
NV3000310,2025-10-21,"나이키 에어포스 1 '07 화이트",네이비,2,278000,278000,0,0,16217,261783,"패션/신발",정산완료
NV3000311,2025-12-18,"정관장 홍삼정 에브리타임 밸런스 30포",M,2,150000,142500,7500,0,7654,134846,"건강식품",정산완료
NV3000312,2026-03-09,"설화수 자음2종 세트",화이트,1,120000,120000,0,0,6775,113225,"화장품/미용",정산완료
NV3000313,2025-10-16,"애플 에어팟 프로 2세대",XL,1,359000,359000,0,0,19031,339969,"디지털/가전",정산완료
NV3000314,2026-02-16,"일리 네스프레소 호환 캡슐 100캡슐",XL,2,90000,90000,0,2518,4876,82606,"식품/음료",정산완료
NV3000315,2025-11-14,"다이슨 에어랩 멀티 스타일러",,2,1498000,1498000,0,0,77884,1420116,"디지털/가전",정산완료
NV3000316,2026-01-22,"락토핏 생유산균 골드 50포 x 3통",,1,42000,42000,0,0,2225,39775,"건강식품",정산완료
NV3000317,2025-11-19,"크록스 클래식 클로그",,2,109800,109800,0,2783,5876,101141,"패션/신발",정산완료
NV3000318,2026-01-15,"LG전자 스탠바이미",FREE,2,2080000,2080000,0,2829,114301,1962870,"디지털/가전",정산완료
NV3000319,2026-01-10,"아로마티카 로즈마리 스칼프 샴푸",화이트,2,48000,48000,0,3470,2858,41672,"화장품/미용",정산완료
NV3000320,2026-01-06,"나이키 에어포스 1 '07 화이트",,2,278000,278000,0,2789,14264,260947,"패션/신발",정산완료
NV3000321,2025-10-17,"정관장 홍삼정 에브리타임 밸런스 30포",L,2,150000,150000,0,2941,7925,139134,"건강식품",정산완료
NV3000322,2026-03-11,"설화수 자음2종 세트",,1,120000,111600,8400,0,6888,104712,"화장품/미용",정산완료
NV3000323,2025-12-06,"애플 에어팟 프로 2세대",,2,718000,718000,0,3395,41538,673067,"디지털/가전",정산완료
NV3000324,2026-01-29,"일리 네스프레소 호환 캡슐 100캡슐",베이지,2,90000,90000,0,3325,5082,81593,"식품/음료",정산완료
NV3000325,2025-12-29,"다이슨 에어랩 멀티 스타일러",XL,2,1498000,1498000,0,0,81431,1416569,"디지털/가전",정산완료
NV3000326,2025-12-29,"락토핏 생유산균 골드 50포 x 3통",,2,84000,84000,0,2936,4402,76662,"건강식품",정산완료
NV3000327,2026-01-15,"크록스 클래식 클로그",그레이,2,109800,109800,0,2741,5898,101161,"패션/신발",정산완료
NV3000328,2026-01-24,"LG전자 스탠바이미",,1,1040000,1040000,0,0,54054,985946,"디지털/가전",정산완료
NV3000329,2026-01-06,"아로마티카 로즈마리 스칼프 샴푸",,2,48000,39840,8160,2888,2695,34257,"화장품/미용",정산완료
NV3000330,2025-12-27,"나이키 에어포스 1 '07 화이트",,1,139000,139000,0,0,8208,130792,"패션/신발",정산완료
NV3000331,2025-12-06,"정관장 홍삼정 에브리타임 밸런스 30포",FREE,1,75000,75000,0,0,3767,71233,"건강식품",정산완료
NV3000332,2026-01-18,"설화수 자음2종 세트",,1,120000,120000,0,0,7122,112878,"화장품/미용",정산완료
NV3000333,2026-02-13,"애플 에어팟 프로 2세대",베이지,2,718000,653380,64620,0,37921,615459,"디지털/가전",정산완료
NV3000334,2025-12-10,"일리 네스프레소 호환 캡슐 100캡슐",네이비,2,90000,90000,0,0,5327,84673,"식품/음료",정산완료
NV3000335,2026-02-10,"다이슨 에어랩 멀티 스타일러",XL,1,749000,689080,59920,3413,41629,644038,"디지털/가전",정산완료
NV3000336,2025-11-25,"락토핏 생유산균 골드 50포 x 3통",그레이,2,84000,75600,8400,0,4268,71332,"건강식품",정산완료
NV3000337,2025-10-20,"크록스 클래식 클로그",네이비,2,109800,109800,0,2622,6238,100940,"패션/신발",정산완료
NV3000338,2025-12-10,"LG전자 스탠바이미",L,2,2080000,2080000,0,0,117527,1962473,"디지털/가전",정산완료
NV3000339,2026-01-29,"아로마티카 로즈마리 스칼프 샴푸",네이비,1,24000,24000,0,0,1380,22620,"화장품/미용",정산완료
NV3000340,2025-10-12,"나이키 에어포스 1 '07 화이트",S,2,278000,236300,41700,3244,15719,217337,"패션/신발",정산완료
NV3000341,2025-11-16,"정관장 홍삼정 에브리타임 밸런스 30포",,1,75000,75000,0,2859,4229,67912,"건강식품",정산완료
NV3000342,2025-10-30,"설화수 자음2종 세트",XL,2,240000,240000,0,0,12040,227960,"화장품/미용",정산완료
NV3000343,2025-11-14,"애플 에어팟 프로 2세대",XL,2,718000,718000,0,0,36267,681733,"디지털/가전",정산완료
NV3000344,2025-10-05,"일리 네스프레소 호환 캡슐 100캡슐",화이트,2,90000,85500,4500,0,4664,80836,"식품/음료",정산완료
NV3000345,2025-11-30,"다이슨 에어랩 멀티 스타일러",,2,1498000,1498000,0,2529,81833,1413638,"디지털/가전",정산완료
NV3000346,2026-02-06,"락토핏 생유산균 골드 50포 x 3통",FREE,1,42000,42000,0,3176,2505,36319,"건강식품",정산완료
NV3000347,2026-03-01,"크록스 클래식 클로그",,1,54900,54900,0,2881,2921,49098,"패션/신발",정산완료
NV3000348,2025-10-03,"LG전자 스탠바이미",S,2,2080000,2080000,0,2589,117087,1960324,"디지털/가전",정산완료
NV3000349,2026-01-02,"아로마티카 로즈마리 스칼프 샴푸",그레이,2,48000,48000,0,0,2787,45213,"화장품/미용",정산완료