주문번호,주문일,상품명,옵션명,수량,판매액(A),결제금액,판매자 할인쿠폰,기본배송비,판매수수료,정산금액,상품그룹명,주문상태,로켓 여부
CP2000000,2026.02.09,"무선 블루투스 이어폰 TWS-500",,2,59800,59800,0,2964,5877,50959,"전자/디지털",구매확정,N
CP2000001,2026.03.07,"여성 오버핏 맨투맨 봄 신상",L,3,59700,53133,6567,2726,6199,44208,"패션의류",구매확정,N
CP2000002,2025.11.01,"스테인리스 텀블러 500ml",XL,1,15900,15900,0,2681,1853,11366,"생활/건강",구매확정,Y
CP2000003,2025.10.30,"유기농 현미 5kg",FREE,3,68700,63204,5496,2725,7723,52756,"식품",구매확정,Y
CP2000004,2025.12.23,"강아지 사료 연어맛 6kg",L,3,98700,98700,0,0,11392,87308,"반려동물",구매확정,N
CP2000005,2025.12.26,"접이식 캠핑 의자 경량형",,2,49800,49800,0,0,4891,44909,"스포츠/레저",구매확정,Y
CP2000006,2025.11.17,"LED 데스크 무드등 조명",그레이,2,37800,33642,4158,0,4310,29332,"인테리어",구매확정,N
CP2000007,2026.01.27,"남성 슬림핏 치노 팬츠",,2,59800,56212,3588,2848,6421,46943,"패션의류",구매확정,Y
CP2000008,2026.01.18,"키즈 보온 패딩 점퍼 120-160",,3,107700,107700,0,2808,11688,93204,"유아동",구매확정,N
CP2000009,2026.02.07,"에어프라이어 5L 디지털",그레이,3,149700,149700,0,0,14839,134861,"주방가전",구매확정,N
CP2000010,2026.02.14,"비타민C 1000mg 180정",S,3,38700,38700,0,0,4347,34353,"건강식품",구매확정,N
CP2000011,2025.12.04,"실리콘 주방매트 세트",,1,9900,9900,0,0,1108,8792,"주방용품",구매확정,N
CP2000012,2025.10.11,"무선 블루투스 이어폰 TWS-500",베이지,2,59800,59800,0,0,5922,53878,"전자/디지털",구매확정,Y
CP2000013,2025.11.13,"여성 오버핏 맨투맨 봄 신상",M,3,59700,59700,0,2704,6489,50507,"패션의류",구매확정,Y
CP2000014,2026.01.24,"스테인리스 텀블러 500ml",,1,15900,15900,0,2529,1640,11731,"생활/건강",구매확정,Y
CP2000015,2025.10.27,"유기농 현미 5kg",블랙,2,45800,38930,6870,0,4597,34333,"식품",구매확정,N
CP2000016,2025.12.16,"강아지 사료 연어맛 6kg",,1,32900,32900,0,0,3574,29326,"반려동물",구매확정,N
CP2000017,2026.02.20,"접이식 캠핑 의자 경량형",베이지,1,24900,24900,0,0,2762,22138,"스포츠/레저",배송완료,Y
CP2000018,2026.01.27,"LED 데스크 무드등 조명",XL,3,56700,56700,0,0,5910,50790,"인테리어",구매확정,N
CP2000019,2025.10.03,"남성 슬림핏 치노 팬츠",,1,29900,29900,0,0,3274,26626,"패션의류",구매확정,Y
CP2000020,2025.11.10,"키즈 보온 패딩 점퍼 120-160",블랙,1,35900,32310,3590,0,3536,28774,"유아동",구매확정,Y
CP2000021,2026.01.25,"에어프라이어 5L 디지털",네이비,3,149700,128742,20958,0,15625,113117,"주방가전",구매확정,N
CP2000022,2026.02.17,"비타민C 1000mg 180정",,1,12900,12900,0,2559,1317,9024,"건강식품",구매확정,N
CP2000023,2025.11.25,"실리콘 주방매트 세트",네이비,2,19800,19800,0,2699,1951,15150,"주방용품",구매확정,Y
CP2000024,2026.01.03,"무선 블루투스 이어폰 TWS-500",XL,3,89700,89700,0,2786,9398,77516,"전자/디지털",구매확정,Y
CP2000025,2025.10.08,"여성 오버핏 맨투맨 봄 신상",XL,2,39800,39800,0,0,4233,35567,"패션의류",구매확정,Y
CP2000026,2025.12.31,"스테인리스 텀블러 500ml",,1,15900,14469,1431,2931,1858,9680,"생활/건강",구매확정,N
CP2000027,2025.10.24,"유기농 현미 5kg",S,1,22900,22900,0,2835,2388,17677,"식품",구매확정,N
CP2000028,2026.03.12,"강아지 사료 연어맛 6kg",그레이,3,98700,98700,0,0,10124,88576,"반려동물",구매확정,N
CP2000029,2025.11.27,"접이식 캠핑 의자 경량형",화이트,1,24900,24900,0,0,2903,21997,"스포츠/레저",구매확정,N
CP2000030,2026.02.07,"LED 데스크 무드등 조명",네이비,1,18900,17955,945,2756,1937,13262,"인테리어",구매확정,Y
CP2000031,2026.01.14,"남성 슬림핏 치노 팬츠",베이지,3,89700,89700,0,0,10339,79361,"패션의류",구매확정,Y
CP2000032,2026.01.02,"키즈 보온 패딩 점퍼 120-160",,1,35900,35900,0,2773,3582,29545,"유아동",구매확정,Y
CP2000033,2026.01.06,"에어프라이어 5L 디지털",,2,99800,99800,0,0,10503,89297,"주방가전",구매확정,Y
CP2000034,2025.12.05,"비타민C 1000mg 180정",,2,25800,25800,0,0,2681,23119,"건강식품",구매확정,N
CP2000035,2026.02.16,"실리콘 주방매트 세트",,2,19800,19800,0,2715,2159,14926,"주방용품",구매확정,Y
CP2000036,2025.10.08,"무선 블루투스 이어폰 TWS-500",,1,29900,29900,0,0,3066,26834,"전자/디지털",구매확정,Y
CP2000037,2025.12.28,"여성 오버핏 맨투맨 봄 신상",화이트,1,19900,17910,1990,0,2166,15744,"패션의류",구매확정,Y
CP2000038,2025.10.16,"스테인리스 텀블러 500ml",화이트,3,47700,47700,0,0,4767,42933,"생활/건강",구매확정,N
CP2000039,2026.01.20,"유기농 현미 5kg",M,1,22900,20381,2519,0,2691,17690,"식품",구매확정,N
CP2000040,2025.10.18,"강아지 사료 연어맛 6kg",XL,1,32900,32900,0,0,3286,29614,"반려동물",구매확정,N
CP2000041,2026.03.10,"접이식 캠핑 의자 경량형",,2,49800,47310,2490,2946,5492,38872,"스포츠/레저",구매확정,Y
CP2000042,2026.02.21,"LED 데스크 무드등 조명",,2,37800,37800,0,0,4252,33548,"인테리어",구매확정,N
CP2000043,2025.12.06,"남성 슬림핏 치노 팬츠",베이지,3,89700,89700,0,0,9288,80412,"패션의류",구매확정,N
CP2000044,2025.11.26,"키즈 보온 패딩 점퍼 120-160",,1,35900,35900,0,0,3881,32019,"유아동",구매확정,N
CP2000045,2025.11.17,"에어프라이어 5L 디지털",,2,99800,92814,6986,0,10389,82425,"주방가전",구매확정,Y
CP2000046,2025.10.18,"비타민C 1000mg 180정",XL,1,12900,12900,0,0,1334,11566,"건강식품",구매확정,Y
CP2000047,2025.11.05,"실리콘 주방매트 세트",네이비,2,19800,19800,0,2604,2088,15108,"주방용품",구매확정,N
CP2000048,2026.01.28,"무선 블루투스 이어폰 TWS-500",화이트,1,29900,29900,0,2773,3210,23917,"전자/디지털",구매확정,N
CP2000049,2025.12.04,"여성 오버핏 맨투맨 봄 신상",FREE,3,59700,59700,0,0,6147,53553,"패션의류",구매확정,N
CP2000050,2025.11.09,"스테인리스 텀블러 500ml",S,3,47700,47700,0,0,5160,42540,"생활/건강",구매확정,N
CP2000051,2025.11.30,"유기농 현미 5kg",,2,45800,45800,0,0,5162,40638,"식품",구매확정,N
CP2000052,2025.11.14,"강아지 사료 연어맛 6kg",화이트,2,65800,65800,0,0,7546,58254,"반려동물",구매확정,N
CP2000053,2025.12.20,"접이식 캠핑 의자 경량형",,3,74700,74700,0,2838,7375,64487,"스포츠/레저",구매확정,N
CP2000054,2025.10.10,"LED 데스크 무드등 조명",L,2,37800,34020,3780,0,4106,29914,"인테리어",구매확정,Y
CP2000055,2025.11.16,"남성 슬림핏 치노 팬츠",,2,59800,59800,0,0,6201,53599,"패션의류",구매확정,N
CP2000056,2025.10.11,"키즈 보온 패딩 점퍼 120-160",M,1,35900,35900,0,0,4235,31665,"유아동",배송완료,N
CP2000057,2025.11.10,"에어프라이어 5L 디지털",S,1,49900,49900,0,2761,4929,42210,"주방가전",구매확정,Y
CP2000058,2025.10.12,"비타민C 1000mg 180정",블랙,2,25800,25800,0,0,2633,23167,"건강식품",구매확정,N
CP2000059,2025.12.10,"실리콘 주방매트 세트",블랙,3,29700,29700,0,0,3141,26559,"주방용품",구매확정,N
CP2000060,2025.10.24,"무선 블루투스 이어폰 TWS-500",XL,1,29900,28106,1794,2940,3345,21821,"전자/디지털",배송완료,N
CP2000061,2025.11.14,"여성 오버핏 맨투맨 봄 신상",,1,19900,19900,0,2624,2043,15233,"패션의류",구매확정,N
CP2000062,2025.12.27,"스테인리스 텀블러 500ml",,1,15900,15900,0,0,1694,14206,"생활/건강",구매확정,N
CP2000063,2025.10.31,"유기농 현미 5kg",베이지,3,68700,68700,0,0,6818,61882,"식품",구매확정,N
CP2000064,2025.10.26,"강아지 사료 연어맛 6kg",XL,3,98700,98700,0,2672,10682,85346,"반려동물",구매확정,N
CP2000065,2025.12.14,"접이식 캠핑 의자 경량형",베이지,2,49800,43326,6474,0,5790,37536,"스포츠/레저",구매확정,Y
CP2000066,2025.10.03,"LED 데스크 무드등 조명",,1,18900,18900,0,0,1901,16999,"인테리어",구매확정,Y
CP2000067,2025.11.24,"남성 슬림핏 치노 팬츠",,2,59800,59800,0,2810,6928,50062,"패션의류",구매확정,N
CP2000068,2025.10.11,"키즈 보온 패딩 점퍼 120-160",,1,35900,30515,5385,0,3597,26918,"유아동",배송완료,N
CP2000069,2025.10.08,"에어프라이어 5L 디지털",네이비,2,99800,84830,14970,0,11210,73620,"주방가전",구매확정,N
CP2000070,2025.11.25,"비타민C 1000mg 180정",M,3,38700,38700,0,2593,4108,31999,"건강식품",구매확정,Y
CP2000071,2025.11.16,"실리콘 주방매트 세트",그레이,1,9900,8910,990,2795,1087,5028,"주방용품",배송완료,N
CP2000072,2026.02.18,"무선 블루투스 이어폰 TWS-500",,1,29900,29900,0,0,3517,26383,"전자/디지털",구매확정,Y
CP2000073,2026.01.27,"여성 오버핏 맨투맨 봄 신상",,1,19900,19900,0,0,2120,17780,"패션의류",구매확정,N
CP2000074,2025.10.24,"스테인리스 텀블러 500ml",,2,31800,28302,3498,0,3265,25037,"생활/건강",구매확정,Y
CP2000075,2025.11.26,"유기농 현미 5kg",블랙,3,68700,68700,0,2832,7228,58640,"식품",구매확정,N
CP2000076,2025.11.14,"강아지 사료 연어맛 6kg",,2,65800,57246,8554,0,6468,50778,"반려동물",구매확정,N
CP2000077,2026.03.04,"접이식 캠핑 의자 경량형",화이트,1,24900,24900,0,0,2560,22340,"스포츠/레저",구매확정,Y
CP2000078,2025.10.17,"LED 데스크 무드등 조명",,2,37800,37800,0,0,4404,33396,"인테리어",구매확정,N
CP2000079,2026.01.17,"남성 슬림핏 치노 팬츠",블랙,2,59800,59800,0,0,7006,52794,"패션의류",구매확정,N
CP2000080,2025.11.08,"키즈 보온 패딩 점퍼 120-160",S,2,71800,62466,9334,2917,7156,52393,"유아동",구매확정,N
CP2000081,2025.12.27,"에어프라이어 5L 디지털",블랙,1,49900,49900,0,0,5110,44790,"주방가전",구매확정,N
CP2000082,2026.01.23,"비타민C 1000mg 180정",화이트,3,38700,38700,0,2946,4393,31361,"건강식품",구매확정,N
CP2000083,2026.03.05,"실리콘 주방매트 세트",블랙,1,9900,9900,0,0,1047,8853,"주방용품",구매확정,Y
CP2000084,2026.02.25,"무선 블루투스 이어폰 TWS-500",L,1,29900,29900,0,0,3392,26508,"전자/디지털",구매확정,N
CP2000085,2026.02.16,"여성 오버핏 맨투맨 봄 신상",M,1,19900,17512,2388,2836,2032,12644,"패션의류",구매확정,N
CP2000086,2025.10.13,"스테인리스 텀블러 500ml",,2,31800,29574,2226,0,3404,26170,"생활/건강",구매확정,N
CP2000087,2025.12.27,"유기농 현미 5kg",,1,22900,22900,0,0,2532,20368,"식품",구매확정,N
CP2000088,2026.02.28,"강아지 사료 연어맛 6kg",네이비,3,98700,98700,0,2871,11064,84765,"반려동물",구매확정,Y
CP2000089,2025.12.11,"접이식 캠핑 의자 경량형",FREE,3,74700,74700,0,2783,7901,64016,"스포츠/레저",구매확정,N
CP2000090,2025.10.09,"LED 데스크 무드등 조명",블랙,3,56700,56700,0,2754,6501,47445,"인테리어",구매확정,Y
CP2000091,2026.02.14,"남성 슬림핏 치노 팬츠",XL,1,29900,27508,2392,0,3440,24068,"패션의류",구매확정,N
CP2000092,2026.03.08,"키즈 보온 패딩 점퍼 120-160",,3,107700,107700,0,0,11832,95868,"유아동",배송완료,N
CP2000093,2026.01.10,"에어프라이어 5L 디지털",,1,49900,49900,0,2867,5308,41725,"주방가전",구매확정,Y
CP2000094,2025.12.09,"비타민C 1000mg 180정",네이비,2,25800,25800,0,0,2630,23170,"건강식품",구매확정,N
CP2000095,2026.01.13,"실리콘 주방매트 세트",,2,19800,19800,0,0,1968,17832,"주방용품",구매확정,Y
CP2000096,2025.11.01,"무선 블루투스 이어폰 TWS-500",XL,1,29900,29900,0,0,2957,26943,"전자/디지털",구매확정,N
CP2000097,2025.10.31,"여성 오버핏 맨투맨 봄 신상",,3,59700,53133,6567,0,6703,46430,"패션의류",구매확정,N
CP2000098,2025.11.14,"스테인리스 텀블러 500ml",그레이,1,15900,15900,0,0,1597,14303,"생활/건강",구매확정,N
CP2000099,2025.11.13,"유기농 현미 5kg",M,1,22900,20152,2748,0,2657,17495,"식품",구매확정,N
CP2000100,2025.12.09,"강아지 사료 연어맛 6kg",그레이,1,32900,32900,0,2836,3358,26706,"반려동물",구매확정,Y
CP2000101,2025.10.06,"접이식 캠핑 의자 경량형",,2,49800,49800,0,2821,5326,41653,"스포츠/레저",구매확정,Y
CP2000102,2026.02.20,"LED 데스크 무드등 조명",,3,56700,48762,7938,0,6585,42177,"인테리어",배송완료,N
CP2000103,2026.02.28,"남성 슬림핏 치노 팬츠",블랙,2,59800,59800,0,2908,6939,49953,"패션의류",구매확정,N
CP2000104,2026.02.14,"키즈 보온 패딩 점퍼 120-160",XL,1,35900,35900,0,0,3752,32148,"유아동",구매확정,N
CP2000105,2025.10.08,"에어프라이어 5L 디지털",그레이,1,49900,49900,0,0,5425,44475,"주방가전",구매확정,Y
CP2000106,2026.02.15,"비타민C 1000mg 180정",베이지,2,25800,25800,0,0,2907,22893,"건강식품",구매확정,Y
CP2000107,2025.12.19,"실리콘 주방매트 세트",FREE,1,9900,8811,1089,0,1025,7786,"주방용품",구매확정,Y
CP2000108,2026.01.20,"무선 블루투스 이어폰 TWS-500",S,2,59800,53222,6578,0,5957,47265,"전자/디지털",구매확정,N
CP2000109,2025.11.10,"여성 오버핏 맨투맨 봄 신상",S,3,59700,59700,0,0,6001,53699,"패션의류",구매확정,N
CP2000110,2025.10.01,"스테인리스 텀블러 500ml",,2,31800,27666,4134,2952,3201,21513,"생활/건강",구매확정,Y
CP2000111,2026.01.30,"유기농 현미 5kg",,3,68700,68700,0,2993,7695,58012,"식품",구매확정,N
CP2000112,2026.02.19,"강아지 사료 연어맛 6kg",화이트,3,98700,98700,0,2784,10529,85387,"반려동물",구매확정,Y
CP2000113,2025.11.22,"접이식 캠핑 의자 경량형",XL,3,74700,74700,0,0,8433,66267,"스포츠/레저",구매확정,N
CP2000114,2026.03.02,"LED 데스크 무드등 조명",M,2,37800,37800,0,0,4209,33591,"인테리어",구매확정,N
CP2000115,2026.01.16,"남성 슬림핏 치노 팬츠",화이트,1,29900,27209,2691,0,3488,23721,"패션의류",구매확정,Y
CP2000116,2025.10.16,"키즈 보온 패딩 점퍼 120-160",,2,71800,63902,7898,2823,7650,53429,"유아동",구매확정,Y
CP2000117,2026.03.14,"에어프라이어 5L 디지털",블랙,1,49900,49900,0,0,4892,45008,"주방가전",구매확정,N
CP2000118,2026.01.23,"비타민C 1000mg 180정",,2,25800,22704,3096,0,2779,19925,"건강식품",구매확정,N
CP2000119,2026.02.23,"실리콘 주방매트 세트",XL,3,29700,29700,0,0,3107,26593,"주방용품",구매확정,N
CP2000120,2026.01.31,"무선 블루투스 이어폰 TWS-500",S,3,89700,83421,6279,0,9913,73508,"전자/디지털",구매확정,Y
CP2000121,2026.03.04,"여성 오버핏 맨투맨 봄 신상",네이비,2,39800,39800,0,2519,3907,33374,"패션의류",구매확정,N
CP2000122,2025.10.01,"스테인리스 텀블러 500ml",그레이,3,47700,47700,0,0,5380,42320,"생활/건강",구매확정,N
CP2000123,2025.10.18,"유기농 현미 5kg",,1,22900,22900,0,0,2579,20321,"식품",구매확정,N
CP2000124,2026.01.27,"강아지 사료 연어맛 6kg",,2,65800,65800,0,2678,7369,55753,"반려동물",구매확정,N
CP2000125,2026.01.05,"접이식 캠핑 의자 경량형",,2,49800,49800,0,2856,4897,42047,"스포츠/레저",구매확정,N
CP2000126,2025.12.10,"LED 데스크 무드등 조명",FREE,3,56700,56700,0,0,6558,50142,"인테리어",구매확정,N
CP2000127,2025.10.09,"남성 슬림핏 치노 팬츠",화이트,1,29900,29900,0,2567,3331,24002,"패션의류",구매확정,Y
CP2000128,2025.10.23,"키즈 보온 패딩 점퍼 120-160",,3,107700,107700,0,2960,11528,93212,"유아동",구매확정,N
CP2000129,2026.02.13,"에어프라이어 5L 디지털",L,2,99800,91816,7984,2735,10466,78615,"주방가전",구매확정,N
CP2000130,2026.02.23,"비타민C 1000mg 180정",L,3,38700,38700,0,2915,4284,31501,"건강식품",구매확정,N
CP2000131,2025.12.28,"실리콘 주방매트 세트",블랙,2,19800,19800,0,0,2254,17546,"주방용품",구매확정,N
CP2000132,2025.12.12,"무선 블루투스 이어폰 TWS-500",,1,29900,29900,0,0,3102,26798,"전자/디지털",구매확정,N
CP2000133,2026.01.04,"여성 오버핏 맨투맨 봄 신상",S,3,59700,59700,0,0,6867,52833,"패션의류",구매확정,N
CP2000134,2025.10.17,"스테인리스 텀블러 500ml",,3,47700,47700,0,0,5372,42328,"생활/건강",구매확정,N
CP2000135,2025.11.09,"유기농 현미 5kg",,1,22900,22900,0,2527,2424,17949,"식품",구매확정,N
CP2000136,2026.01.17,"강아지 사료 연어맛 6kg",네이비,3,98700,86856,11844,2560,11619,72677,"반려동물",구매확정,Y
CP2000137,2025.10.16,"접이식 캠핑 의자 경량형",XL,1,24900,24900,0,0,2663,22237,"스포츠/레저",구매확정,N
CP2000138,2025.11.19,"LED 데스크 무드등 조명",FREE,2,37800,37800,0,0,4072,33728,"인테리어",구매확정,N
CP2000139,2026.01.28,"남성 슬림핏 치노 팬츠",XL,1,29900,29900,0,2634,2962,24304,"패션의류",구매확정,Y
CP2000140,2025.12.02,"키즈 보온 패딩 점퍼 120-160",,1,35900,35900,0,0,4216,31684,"유아동",구매확정,N
CP2000141,2026.01.05,"에어프라이어 5L 디지털",FREE,1,49900,46407,3493,2993,5497,37917,"주방가전",구매확정,N
CP2000142,2025.11.10,"비타민C 1000mg 180정",그레이,1,12900,12900,0,0,1400,11500,"건강식품",구매확정,N
CP2000143,2025.11.01,"실리콘 주방매트 세트",네이비,3,29700,29700,0,0,3223,26477,"주방용품",구매확정,N
CP2000144,2026.02.07,"무선 블루투스 이어폰 TWS-500",,1,29900,29900,0,2867,3209,23824,"전자/디지털",배송완료,Y
CP2000145,2025.10.18,"여성 오버핏 맨투맨 봄 신상",,2,39800,39800,0,0,4039,35761,"패션의류",구매확정,Y
CP2000146,2025.12.02,"스테인리스 텀블러 500ml",FREE,2,31800,31800,0,2997,3582,25221,"생활/건강",배송완료,Y
CP2000147,2026.03.10,"유기농 현미 5kg",FREE,1,22900,22900,0,0,2628,20272,"식품",구매확정,N
CP2000148,2025.10.14,"강아지 사료 연어맛 6kg",,2,65800,59220,6580,0,7053,52167,"반려동물",구매확정,Y
CP2000149,2025.11.05,"접이식 캠핑 의자 경량형",화이트,3,74700,74700,0,2780,8393,63527,"스포츠/레저",구매확정,Y
CP2000150,2026.01.13,"LED 데스크 무드등 조명",S,1,18900,17577,1323,0,1938,15639,"인테리어",구매확정,N
CP2000151,2025.10.28,"남성 슬림핏 치노 팬츠",화이트,2,59800,59800,0,0,6351,53449,"패션의류",구매확정,Y
CP2000152,2025.10.09,"키즈 보온 패딩 점퍼 120-160",L,1,35900,35900,0,0,3643,32257,"유아동",구매확정,N
CP2000153,2026.02.05,"에어프라이어 5L 디지털",,2,99800,99800,0,0,11539,88261,"주방가전",배송완료,N
CP2000154,2026.03.12,"비타민C 1000mg 180정",네이비,1,12900,12900,0,0,1269,11631,"건강식품",구매확정,N
CP2000155,2026.01.24,"실리콘 주방매트 세트",XL,3,29700,29700,0,0,3117,26583,"주방용품",구매확정,N
CP2000156,2025.12.22,"무선 블루투스 이어폰 TWS-500",,1,29900,29900,0,2999,3064,23837,"전자/디지털",구매확정,Y
CP2000157,2025.11.21,"여성 오버핏 맨투맨 봄 신상",,1,19900,19900,0,0,2157,17743,"패션의류",구매확정,Y
CP2000158,2025.11.03,"스테인리스 텀블러 500ml",L,3,47700,47700,0,0,5288,42412,"생활/건강",구매확정,Y
CP2000159,2026.01.19,"유기농 현미 5kg",베이지,1,22900,21297,1603,0,2541,18756,"식품",배송완료,Y
CP2000160,2026.03.01,"강아지 사료 연어맛 6kg",네이비,3,98700,98700,0,0,10080,88620,"반려동물",구매확정,Y
CP2000161,2025.10.06,"접이식 캠핑 의자 경량형",,2,49800,49800,0,0,5208,44592,"스포츠/레저",배송완료,Y
CP2000162,2026.02.10,"LED 데스크 무드등 조명",,1,18900,18900,0,0,2167,16733,"인테리어",구매확정,N
CP2000163,2026.01.08,"남성 슬림핏 치노 팬츠",그레이,3,89700,79833,9867,0,10582,69251,"패션의류",배송완료,N
CP2000164,2025.10.17,"키즈 보온 패딩 점퍼 120-160",화이트,2,71800,71800,0,0,7066,64734,"유아동",구매확정,N
CP2000165,2026.01.03,"에어프라이어 5L 디지털",,3,149700,134730,14970,2874,16400,115456,"주방가전",구매확정,N
CP2000166,2026.03.01,"비타민C 1000mg 180정",화이트,3,38700,38700,0,0,4491,34209,"건강식품",구매확정,N
CP2000167,2025.11.25,"실리콘 주방매트 세트",S,1,9900,9900,0,0,1153,8747,"주방용품",구매확정,N
CP2000168,2026.03.04,"무선 블루투스 이어폰 TWS-500",L,1,29900,29900,0,2825,3316,23759,"전자/디지털",구매확정,N
CP2000169,2026.01.15,"여성 오버핏 맨투맨 봄 신상",네이비,1,19900,19900,0,0,1973,17927,"패션의류",구매확정,N
CP2000170,2026.03.15,"스테인리스 텀블러 500ml",,1,15900,14469,1431,0,1683,12786,"생활/건강",구매확정,N
CP2000171,2026.01.22,"유기농 현미 5kg",블랙,2,45800,41220,4580,0,5260,35960,"식품",구매확정,N
CP2000172,2025.10.18,"강아지 사료 연어맛 6kg",,2,65800,65800,0,2887,7222,55691,"반려동물",구매확정,N
CP2000173,2025.11.27,"접이식 캠핑 의자 경량형",,2,49800,49800,0,2626,4956,42218,"스포츠/레저",구매확정,N
CP2000174,2025.12.06,"LED 데스크 무드등 조명",화이트,2,37800,35154,2646,0,4066,31088,"인테리어",구매확정,N
CP2000175,2025.10.03,"남성 슬림핏 치노 팬츠",네이비,3,89700,89700,0,2922,8835,77943,"패션의류",배송완료,N
CP2000176,2026.02.19,"키즈 보온 패딩 점퍼 120-160",,1,35900,35900,0,0,3573,32327,"유아동",구매확정,N
CP2000177,2025.12.14,"에어프라이어 5L 디지털",베이지,1,49900,49900,0,2888,5545,41467,"주방가전",구매확정,N
CP2000178,2025.10.02,"비타민C 1000mg 180정",네이비,2,25800,25800,0,2934,2882,19984,"건강식품",구매확정,N
CP2000179,2025.12.05,"실리콘 주방매트 세트",블랙,3,29700,27918,1782,0,3210,24708,"주방용품",구매확정,Y
CP2000180,2025.10.17,"무선 블루투스 이어폰 TWS-500",화이트,2,59800,59800,0,0,6862,52938,"전자/디지털",구매확정,N
CP2000181,2025.10.30,"여성 오버핏 맨투맨 봄 신상",블랙,1,19900,19900,0,0,2134,17766,"패션의류",구매확정,N
CP2000182,2025.10.25,"스테인리스 텀블러 500ml",,2,31800,27984,3816,2890,3720,21374,"생활/건강",구매확정,Y
CP2000183,2026.02.08,"유기농 현미 5kg",화이트,3,68700,68700,0,0,7044,61656,"식품",구매확정,N
CP2000184,2025.11.02,"강아지 사료 연어맛 6kg",,2,65800,65800,0,2859,7382,55559,"반려동물",구매확정,N
CP2000185,2026.01.25,"접이식 캠핑 의자 경량형",,2,49800,49800,0,0,5077,44723,"스포츠/레저",구매확정,N
CP2000186,2025.11.21,"LED 데스크 무드등 조명",그레이,2,37800,37800,0,2723,4322,30755,"인테리어",구매확정,N
CP2000187,2026.01.08,"남성 슬림핏 치노 팬츠",블랙,3,89700,89700,0,0,9088,80612,"패션의류",구매확정,Y
CP2000188,2026.01.21,"키즈 보온 패딩 점퍼 120-160",,1,35900,35900,0,0,4210,31690,"유아동",구매확정,N
CP2000189,2026.01.03,"에어프라이어 5L 디지털",FREE,3,149700,149700,0,0,14924,134776,"주방가전",구매확정,N
CP2000190,2026.01.13,"비타민C 1000mg 180정",,3,38700,38700,0,2831,3832,32037,"건강식품",구매확정,Y
CP2000191,2025.11.07,"실리콘 주방매트 세트",네이비,1,9900,9900,0,0,1109,8791,"주방용품",배송완료,N
CP2000192,2026.01.30,"무선 블루투스 이어폰 TWS-500",블랙,2,59800,59800,0,2928,6667,50205,"전자/디지털",구매확정,Y
CP2000193,2025.10.26,"여성 오버핏 맨투맨 봄 신상",M,2,39800,34626,5174,2999,4674,26953,"패션의류",구매확정,Y
CP2000194,2025.11.28,"스테인리스 텀블러 500ml",베이지,2,31800,31800,0,0,3549,28251,"생활/건강",구매확정,N
CP2000195,2026.02.14,"유기농 현미 5kg",블랙,3,68700,68700,0,2544,7969,58187,"식품",구매확정,Y
CP2000196,2025.10.03,"강아지 사료 연어맛 6kg",화이트,3,98700,98700,0,0,9711,88989,"반려동물",구매확정,N
CP2000197,2026.02.26,"접이식 캠핑 의자 경량형",,2,49800,49800,0,2632,5358,41810,"스포츠/레저",구매확정,N
CP2000198,2025.11.12,"LED 데스크 무드등 조명",,1,18900,18900,0,0,1935,16965,"인테리어",구매확정,Y
CP2000199,2026.01.17,"남성 슬림핏 치노 팬츠",그레이,1,29900,29900,0,2532,2985,24383,"패션의류",구매확정,N
CP2000200,2026.01.07,"키즈 보온 패딩 점퍼 120-160",,2,71800,71800,0,2659,7674,61467,"유아동",구매확정,N
CP2000201,2026.02.13,"에어프라이어 5L 디지털",베이지,2,99800,99800,0,2536,11556,85708,"주방가전",구매확정,N
CP2000202,2026.03.01,"비타민C 1000mg 180정",블랙,1,12900,12900,0,0,1267,11633,"건강식품",구매확정,N
CP2000203,2025.11.05,"실리콘 주방매트 세트",XL,2,19800,19800,0,0,2313,17487,"주방용품",구매확정,N
CP2000204,2025.10.22,"무선 블루투스 이어폰 TWS-500",그레이,3,89700,89700,0,2748,10108,76844,"전자/디지털",구매확정,N
CP2000205,2025.11.22,"여성 오버핏 맨투맨 봄 신상",화이트,3,59700,50745,8955,2908,6430,41407,"패션의류",배송완료,N
CP2000206,2025.12.06,"스테인리스 텀블러 500ml",L,3,47700,47700,0,2558,5279,39863,"생활/건강",배송완료,Y
CP2000207,2026.02.08,"유기농 현미 5kg",화이트,3,68700,60456,8244,0,6997,53459,"식품",구매확정,N
CP2000208,2025.10.29,"강아지 사료 연어맛 6kg",,1,32900,32900,0,0,3425,29475,"반려동물",구매확정,N
CP2000209,2025.12.12,"접이식 캠핑 의자 경량형",,2,49800,44820,4980,0,5747,39073,"스포츠/레저",배송완료,N
CP2000210,2025.11.29,"LED 데스크 무드등 조명",,3,56700,56700,0,2978,5668,48054,"인테리어",구매확정,N
CP2000211,2025.11.01,"남성 슬림핏 치노 팬츠",L,2,59800,59800,0,0,6219,53581,"패션의류",구매확정,N
CP2000212,2026.01.18,"키즈 보온 패딩 점퍼 120-160",S,2,71800,71800,0,0,7991,63809,"유아동",구매확정,N
CP2000213,2026.02.01,"에어프라이어 5L 디지털",네이비,2,99800,99800,0,2683,10985,86132,"주방가전",구매확정,Y
CP2000214,2026.01.19,"비타민C 1000mg 180정",,2,25800,25800,0,2983,2774,20043,"건강식품",구매확정,N
CP2000215,2026.02.03,"실리콘 주방매트 세트",FREE,3,29700,29700,0,0,2981,26719,"주방용품",구매확정,N
CP2000216,2025.12.24,"무선 블루투스 이어폰 TWS-500",,1,29900,29900,0,2795,2981,24124,"전자/디지털",배송완료,Y
CP2000217,2026.02.19,"여성 오버핏 맨투맨 봄 신상",,1,19900,18706,1194,2622,2310,13774,"패션의류",구매확정,N
CP2000218,2025.10.02,"스테인리스 텀블러 500ml",,1,15900,13833,2067,0,1619,12214,"생활/건강",구매확정,N
CP2000219,2026.02.14,"유기농 현미 5kg",,2,45800,45800,0,2742,4904,38154,"식품",구매확정,N
CP2000220,2025.10.25,"강아지 사료 연어맛 6kg",네이비,2,65800,65800,0,2567,7511,55722,"반려동물",구매확정,N
CP2000221,2026.01.26,"접이식 캠핑 의자 경량형",화이트,2,49800,49800,0,0,5764,44036,"스포츠/레저",구매확정,N
CP2000222,2026.03.11,"LED 데스크 무드등 조명",XL,3,56700,56700,0,0,6540,50160,"인테리어",구매확정,N
CP2000223,2025.10.13,"남성 슬림핏 치노 팬츠",블랙,1,29900,29900,0,2535,3474,23891,"패션의류",구매확정,Y
CP2000224,2026.01.01,"키즈 보온 패딩 점퍼 120-160",,2,71800,71800,0,0,7969,63831,"유아동",구매확정,N
CP2000225,2025.12.27,"에어프라이어 5L 디지털",XL,2,99800,99800,0,0,10146,89654,"주방가전",구매확정,N
CP2000226,2025.10.04,"비타민C 1000mg 180정",FREE,1,12900,12900,0,2743,1416,8741,"건강식품",구매확정,Y
CP2000227,2026.03.10,"실리콘 주방매트 세트",그레이,3,29700,29700,0,0,3463,26237,"주방용품",구매확정,N
CP2000228,2026.02.12,"무선 블루투스 이어폰 TWS-500",L,1,29900,29900,0,0,2986,26914,"전자/디지털",구매확정,N
CP2000229,2026.03.09,"여성 오버핏 맨투맨 봄 신상",XL,2,39800,39800,0,0,4137,35663,"패션의류",구매확정,Y
CP2000230,2025.11.20,"스테인리스 텀블러 500ml",XL,3,47700,47700,0,0,5192,42508,"생활/건강",구매확정,N
CP2000231,2025.11.27,"유기농 현미 5kg",,1,22900,22900,0,0,2508,20392,"식품",배송완료,Y
CP2000232,2026.01.30,"강아지 사료 연어맛 6kg",그레이,1,32900,30926,1974,0,3580,27346,"반려동물",구매확정,Y
CP2000233,2026.01.20,"접이식 캠핑 의자 경량형",L,1,24900,24900,0,0,2565,22335,"스포츠/레저",구매확정,N
CP2000234,2025.11.25,"LED 데스크 무드등 조명",,2,37800,37800,0,2995,3864,30941,"인테리어",구매확정,N
CP2000235,2026.03.02,"남성 슬림핏 치노 팬츠",FREE,3,89700,82524,7176,0,10421,72103,"패션의류",구매확정,N
CP2000236,2026.03.07,"키즈 보온 패딩 점퍼 120-160",,2,71800,71800,0,2747,8181,60872,"유아동",구매확정,N
CP2000237,2025.12.29,"에어프라이어 5L 디지털",M,2,99800,99800,0,0,10010,89790,"주방가전",구매확정,Y
CP2000238,2025.10.06,"비타민C 1000mg 180정",화이트,3,38700,38700,0,2806,4217,31677,"건강식품",구매확정,N
CP2000239,2025.10.20,"실리콘 주방매트 세트",,1,9900,9009,891,0,1044,7965,"주방용품",구매확정,N
CP2000240,2025.10.14,"무선 블루투스 이어폰 TWS-500",XL,3,89700,89700,0,0,8968,80732,"전자/디지털",구매확정,N
CP2000241,2025.12.04,"여성 오버핏 맨투맨 봄 신상",,3,59700,59700,0,2698,6795,50207,"패션의류",구매확정,Y
CP2000242,2025.12.21,"스테인리스 텀블러 500ml",화이트,1,15900,15900,0,2944,1720,11236,"생활/건강",구매확정,N
CP2000243,2026.02.06,"유기농 현미 5kg",,3,68700,68700,0,2500,7740,58460,"식품",구매확정,Y
CP2000244,2026.01.30,"강아지 사료 연어맛 6kg",,3,98700,98700,0,0,10001,88699,"반려동물",구매확정,N
CP2000245,2026.02.12,"접이식 캠핑 의자 경량형",L,2,49800,49800,0,2783,5238,41779,"스포츠/레저",구매확정,N
CP2000246,2026.01.01,"LED 데스크 무드등 조명",,3,56700,53298,3402,0,6513,46785,"인테리어",배송완료,N
CP2000247,2026.03.09,"남성 슬림핏 치노 팬츠",L,2,59800,59800,0,0,6122,53678,"패션의류",구매확정,N
CP2000248,2026.01.12,"키즈 보온 패딩 점퍼 120-160",,1,35900,35900,0,2795,3551,29554,"유아동",구매확정,N
CP2000249,2025.12.19,"에어프라이어 5L 디지털",화이트,1,49900,49900,0,2600,4988,42312,"주방가전",구매확정,Y
CP2000250,2026.01.15,"비타민C 1000mg 180정",M,2,25800,22188,3612,2849,2969,16370,"건강식품",구매확정,N
CP2000251,2026.02.10,"실리콘 주방매트 세트",XL,2,19800,19800,0,0,2268,17532,"주방용품",구매확정,Y
CP2000252,2026.03.12,"무선 블루투스 이어폰 TWS-500",네이비,2,59800,53820,5980,2574,6656,44590,"전자/디지털",구매확정,N
CP2000253,2026.01.20,"여성 오버핏 맨투맨 봄 신상",XL,3,59700,59700,0,0,6240,53460,"패션의류",구매확정,Y
CP2000254,2026.01.01,"스테인리스 텀블러 500ml",S,1,15900,13674,2226,2644,1764,9266,"생활/건강",구매확정,N
CP2000255,2026.02.20,"유기농 현미 5kg",S,3,68700,68700,0,2915,7956,57829,"식품",구매확정,N
CP2000256,2025.11.27,"강아지 사료 연어맛 6kg",블랙,2,65800,65800,0,2576,6522,56702,"반려동물",구매확정,N
CP2000257,2025.11.30,"접이식 캠핑 의자 경량형",블랙,2,49800,43326,6474,0,5450,37876,"스포츠/레저",구매확정,N
CP2000258,2025.11.27,"LED 데스크 무드등 조명",,3,56700,52164,4536,0,5681,46483,"인테리어",구매확정,Y
CP2000259,2025.11.22,"남성 슬림핏 치노 팬츠",FREE,2,59800,59800,0,2690,6151,50959,"패션의류",구매확정,Y
CP2000260,2025.11.11,"키즈 보온 패딩 점퍼 120-160",,3,107700,95853,11847,0,11787,84066,"유아동",구매확정,N
CP2000261,2026.01.18,"에어프라이어 5L 디지털",FREE,3,149700,149700,0,0,15286,134414,"주방가전",구매확정,Y
CP2000262,2025.10.18,"비타민C 1000mg 180정",L,1,12900,12900,0,2592,1493,8815,"건강식품",구매확정,N
CP2000263,2026.03.14,"실리콘 주방매트 세트",블랙,2,19800,19800,0,0,2091,17709,"주방용품",구매확정,N
CP2000264,2025.11.01,"무선 블루투스 이어폰 TWS-500",L,2,59800,52624,7176,0,6339,46285,"전자/디지털",구매확정,N
CP2000265,2025.10.17,"여성 오버핏 맨투맨 봄 신상",FREE,3,59700,59700,0,0,5931,53769,"패션의류",구매확정,N
CP2000266,2026.01.08,"스테인리스 텀블러 500ml",화이트,1,15900,15900,0,2896,1856,11148,"생활/건강",구매확정,N
CP2000267,2025.12.02,"유기농 현미 5kg",블랙,2,45800,45800,0,2577,4808,38415,"식품",구매확정,N
CP2000268,2025.12.14,"강아지 사료 연어맛 6kg",L,1,32900,32900,0,2635,3232,27033,"반려동물",구매확정,N
CP2000269,2026.02.01,"접이식 캠핑 의자 경량형",,2,49800,42330,7470,0,5428,36902,"스포츠/레저",구매확정,Y
CP2000270,2025.12.31,"LED 데스크 무드등 조명",,2,37800,32886,4914,2780,4276,25830,"인테리어",구매확정,Y
CP2000271,2025.11.13,"남성 슬림핏 치노 팬츠",베이지,1,29900,29900,0,2919,3010,23971,"패션의류",구매확정,Y
CP2000272,2025.12.17,"키즈 보온 패딩 점퍼 120-160",,3,107700,95853,11847,2662,11713,81478,"유아동",구매확정,N
CP2000273,2025.10.06,"에어프라이어 5L 디지털",S,3,149700,149700,0,2715,16305,130680,"주방가전",구매확정,N
CP2000274,2026.03.13,"비타민C 1000mg 180정",S,2,25800,25800,0,0,2640,23160,"건강식품",구매확정,N
CP2000275,2026.01.02,"실리콘 주방매트 세트",,3,29700,29700,0,0,3424,26276,"주방용품",구매확정,N
CP2000276,2025.10.08,"무선 블루투스 이어폰 TWS-500",XL,3,89700,89700,0,2982,8875,77843,"전자/디지털",구매확정,N
CP2000277,2025.10.16,"여성 오버핏 맨투맨 봄 신상",,3,59700,51342,8358,2503,6905,41934,"패션의류",구매확정,N
CP2000278,2025.12.08,"스테인리스 텀블러 500ml",,2,31800,31800,0,0,3694,28106,"생활/건강",구매확정,Y
CP2000279,2025.12.22,"유기농 현미 5kg",화이트,3,68700,68700,0,2905,7923,57872,"식품",구매확정,N
CP2000280,2025.12.16,"강아지 사료 연어맛 6kg",,1,32900,30926,1974,2686,3389,24851,"반려동물",구매확정,N
CP2000281,2025.12.03,"접이식 캠핑 의자 경량형",XL,1,24900,24900,0,0,2781,22119,"스포츠/레저",구매확정,N
CP2000282,2025.11.01,"LED 데스크 무드등 조명",L,1,18900,18900,0,2618,2131,14151,"인테리어",구매확정,Y
CP2000283,2026.01.21,"남성 슬림핏 치노 팬츠",,1,29900,29900,0,0,3498,26402,"패션의류",구매확정,Y
CP2000284,2026.01.07,"키즈 보온 패딩 점퍼 120-160",,2,71800,71800,0,0,7571,64229,"유아동",구매확정,Y
CP2000285,2026.01.03,"에어프라이어 5L 디지털",화이트,2,99800,99800,0,2509,10326,86965,"주방가전",구매확정,Y
CP2000286,2025.10.05,"비타민C 1000mg 180정",,1,12900,12900,0,0,1452,11448,"건강식품",구매확정,N
CP2000287,2025.11.03,"실리콘 주방매트 세트",네이비,2,19800,19800,0,0,2265,17535,"주방용품",구매확정,N
CP2000288,2026.02.11,"무선 블루투스 이어폰 TWS-500",네이비,3,89700,89700,0,2809,8799,78092,"전자/디지털",구매확정,N
CP2000289,2026.01.30,"여성 오버핏 맨투맨 봄 신상",M,3,59700,59700,0,2528,5855,51317,"패션의류",구매확정,Y
CP2000290,2025.10.13,"스테인리스 텀블러 500ml",FREE,3,47700,47700,0,2534,5585,39581,"생활/건강",배송완료,N
CP2000291,2025.12.18,"유기농 현미 5kg",,3,68700,68700,0,2984,6735,58981,"식품",구매확정,N
CP2000292,2026.01.29,"강아지 사료 연어맛 6kg",,1,32900,32900,0,0,3389,29511,"반려동물",구매확정,Y
CP2000293,2025.11.11,"접이식 캠핑 의자 경량형",M,1,24900,24900,0,0,2747,22153,"스포츠/레저",구매확정,N
CP2000294,2026.03.06,"LED 데스크 무드등 조명",L,1,18900,18900,0,2551,2107,14242,"인테리어",구매확정,N
CP2000295,2025.10.07,"남성 슬림핏 치노 팬츠",S,3,89700,89700,0,0,10517,79183,"패션의류",구매확정,Y
CP2000296,2025.12.28,"키즈 보온 패딩 점퍼 120-160",L,1,35900,35900,0,0,4029,31871,"유아동",구매확정,N
CP2000297,2025.11.12,"에어프라이어 5L 디지털",그레이,3,149700,149700,0,2547,15281,131872,"주방가전",구매확정,Y
CP2000298,2025.11.24,"비타민C 1000mg 180정",S,3,38700,38700,0,0,3934,34766,"건강식품",구매확정,N
CP2000299,2025.11.23,"실리콘 주방매트 세트",S,1,9900,9900,0,2656,1039,6205,"주방용품",구매확정,Y
CP2000300,2026.02.21,"무선 블루투스 이어폰 TWS-500",그레이,1,29900,29900,0,2664,3314,23922,"전자/디지털",구매확정,N
CP2000301,2026.01.01,"여성 오버핏 맨투맨 봄 신상",그레이,2,39800,39800,0,0,3952,35848,"패션의류",구매확정,N
CP2000302,2026.01.11,"스테인리스 텀블러 500ml",,2,31800,31800,0,0,3590,28210,"생활/건강",구매확정,N
CP2000303,2025.12.30,"유기농 현미 5kg",M,1,22900,22900,0,0,2648,20252,"식품",배송완료,N
CP2000304,2025.12.24,"강아지 사료 연어맛 6kg",베이지,2,65800,57246,8554,2605,7347,47294,"반려동물",구매확정,N
CP2000305,2025.12.30,"접이식 캠핑 의자 경량형",S,3,74700,70965,3735,0,7850,63115,"스포츠/레저",구매확정,N
CP2000306,2026.01.25,"LED 데스크 무드등 조명",FREE,2,37800,37800,0,2749,4338,30713,"인테리어",구매확정,Y
CP2000307,2026.03.10,"남성 슬림핏 치노 팬츠",화이트,2,59800,59800,0,2938,6018,50844,"패션의류",구매확정,N
CP2000308,2025.12.11,"키즈 보온 패딩 점퍼 120-160",FREE,1,35900,35900,0,0,4034,31866,"유아동",구매확정,N
CP2000309,2026.03.06,"에어프라이어 5L 디지털",S,3,149700,149700,0,2563,15221,131916,"주방가전",구매확정,N
CP2000310,2026.03.05,"비타민C 1000mg 180정",,1,12900,12900,0,0,1461,11439,"건강식품",구매확정,N
CP2000311,2026.03.12,"실리콘 주방매트 세트",네이비,2,19800,18216,1584,0,2112,16104,"주방용품",구매확정,N
CP2000312,2025.12.03,"무선 블루투스 이어폰 TWS-500",,3,89700,78039,11661,0,8793,69246,"전자/디지털",구매확정,N
CP2000313,2026.03.13,"여성 오버핏 맨투맨 봄 신상",,3,59700,59700,0,0,6919,52781,"패션의류",구매확정,N
CP2000314,2025.10.28,"스테인리스 텀블러 500ml",L,3,47700,47700,0,0,4862,42838,"생활/건강",구매확정,N
CP2000315,2026.02.24,"유기농 현미 5kg",그레이,2,45800,45800,0,2717,4710,38373,"식품",구매확정,Y
CP2000316,2026.02.27,"강아지 사료 연어맛 6kg",그레이,3,98700,98700,0,2690,10285,85725,"반려동물",구매확정,N
CP2000317,2026.01.18,"접이식 캠핑 의자 경량형",,1,24900,24900,0,0,2915,21985,"스포츠/레저",구매확정,N
CP2000318,2025.12.01,"LED 데스크 무드등 조명",FREE,3,56700,56700,0,0,5797,50903,"인테리어",구매확정,Y
CP2000319,2025.11.08,"남성 슬림핏 치노 팬츠",FREE,2,59800,59800,0,0,6771,53029,"패션의류",구매확정,Y
CP2000320,2025.11.02,"키즈 보온 패딩 점퍼 120-160",,3,107700,96930,10770,0,11354,85576,"유아동",구매확정,N
CP2000321,2026.03.07,"에어프라이어 5L 디지털",,2,99800,94810,4990,2891,11327,80592,"주방가전",구매확정,Y
CP2000322,2025.11.02,"비타민C 1000mg 180정",S,1,12900,11868,1032,0,1361,10507,"건강식품",구매확정,N
CP2000323,2025.11.04,"실리콘 주방매트 세트",M,3,29700,26433,3267,2772,3000,20661,"주방용품",배송완료,N
CP2000324,2025.11.16,"무선 블루투스 이어폰 TWS-500",네이비,2,59800,55614,4186,0,5961,49653,"전자/디지털",배송완료,N
CP2000325,2026.02.15,"여성 오버핏 맨투맨 봄 신상",,3,59700,59700,0,0,6327,53373,"패션의류",구매확정,N
CP2000326,2026.03.03,"스테인리스 텀블러 500ml",M,3,47700,47700,0,2554,4992,40154,"생활/건강",구매확정,Y
CP2000327,2026.03.01,"유기농 현미 5kg",베이지,1,22900,19465,3435,0,2543,16922,"식품",구매확정,N
CP2000328,2025.12.25,"강아지 사료 연어맛 6kg",XL,1,32900,32900,0,2729,3399,26772,"반려동물",구매확정,N
CP2000329,2026.01.01,"접이식 캠핑 의자 경량형",화이트,3,74700,74700,0,2860,8579,63261,"스포츠/레저",구매확정,Y
CP2000330,2025.10.05,"LED 데스크 무드등 조명",FREE,1,18900,18900,0,0,2021,16879,"인테리어",구매확정,N
CP2000331,2025.12.06,"남성 슬림핏 치노 팬츠",FREE,2,59800,59800,0,0,5972,53828,"패션의류",구매확정,N
CP2000332,2025.10.08,"키즈 보온 패딩 점퍼 120-160",,1,35900,35900,0,2909,3728,29263,"유아동",구매확정,N
CP2000333,2025.12.24,"에어프라이어 5L 디지털",,1,49900,49900,0,0,5522,44378,"주방가전",구매확정,N
CP2000334,2025.12.03,"비타민C 1000mg 180정",,1,12900,12255,645,0,1517,10738,"건강식품",구매확정,N
CP2000335,2025.11.18,"실리콘 주방매트 세트",,1,9900,9900,0,0,1005,8895,"주방용품",구매확정,N
CP2000336,2025.11.03,"무선 블루투스 이어폰 TWS-500",블랙,2,59800,59800,0,2522,6545,50733,"전자/디지털",구매확정,Y
CP2000337,2025.12.12,"여성 오버핏 맨투맨 봄 신상",,3,59700,59700,0,0,6924,52776,"패션의류",배송완료,N
CP2000338,2025.12.09,"스테인리스 텀블러 500ml",블랙,1,15900,15900,0,2784,1749,11367,"생활/건강",구매확정,N
CP2000339,2025.10.11,"유기농 현미 5kg",S,2,45800,45800,0,0,4747,41053,"식품",구매확정,N
CP2000340,2026.03.06,"강아지 사료 연어맛 6kg",블랙,2,65800,65800,0,0,6856,58944,"반려동물",구매확정,Y
CP2000341,2025.11.23,"접이식 캠핑 의자 경량형",M,3,74700,74700,0,2961,8716,63023,"스포츠/레저",구매확정,N
CP2000342,2025.11.23,"LED 데스크 무드등 조명",,2,37800,37800,0,2905,4010,30885,"인테리어",구매확정,N
CP2000343,2025.12.15,"남성 슬림핏 치노 팬츠",,2,59800,52026,7774,2621,6493,42912,"패션의류",구매확정,Y
CP2000344,2026.02.28,"키즈 보온 패딩 점퍼 120-160",네이비,1,35900,35900,0,2639,3953,29308,"유아동",구매확정,Y
CP2000345,2025.10.10,"에어프라이어 5L 디지털",,1,49900,43413,6487,2712,5084,35617,"주방가전",구매확정,N
CP2000346,2025.10.25,"비타민C 1000mg 180정",,3,38700,38700,0,0,4459,34241,"건강식품",구매확정,Y
CP2000347,2025.10.29,"실리콘 주방매트 세트",L,2,19800,17622,2178,0,2286,15336,"주방용품",구매확정,N
CP2000348,2025.11.12,"무선 블루투스 이어폰 TWS-500",네이비,3,89700,89700,0,0,10355,79345,"전자/디지털",구매확정,N
CP2000349,2026.02.05,"여성 오버핏 맨투맨 봄 신상",블랙,3,59700,51939,7761,2632,6211,43096,"패션의류",배송완료,N
CP2000350,2025.10.05,"스테인리스 텀블러 500ml",S,2,31800,31800,0,2915,3600,25285,"생활/건강",구매확정,N
CP2000351,2026.02.06,"유기농 현미 5kg",XL,3,68700,68700,0,2945,7027,58728,"식품",구매확정,N
CP2000352,2025.10.22,"강아지 사료 연어맛 6kg",베이지,3,98700,83895,14805,0,9874,74021,"반려동물",구매확정,N
CP2000353,2025.12.25,"접이식 캠핑 의자 경량형",,3,74700,74700,0,0,7959,66741,"스포츠/레저",구매확정,N
CP2000354,2025.12.15,"LED 데스크 무드등 조명",,2,37800,37800,0,0,4191,33609,"인테리어",배송완료,N
CP2000355,2026.01.05,"남성 슬림핏 치노 팬츠",,2,59800,59800,0,0,6145,53655,"패션의류",구매확정,N
CP2000356,2025.11.08,"키즈 보온 패딩 점퍼 120-160",베이지,1,35900,35900,0,2920,3986,28994,"유아동",구매확정,N
CP2000357,2026.01.10,"에어프라이어 5L 디지털",네이비,3,149700,149700,0,2951,15555,131194,"주방가전",구매확정,N
CP2000358,2025.11.25,"비타민C 1000mg 180정",,2,25800,25800,0,0,2657,23143,"건강식품",구매확정,N
CP2000359,2026.02.08,"실리콘 주방매트 세트",FREE,2,19800,19800,0,0,2280,17520,"주방용품",구매확정,N
CP2000360,2026.02.16,"무선 블루투스 이어폰 TWS-500",,2,59800,59800,0,0,6013,53787,"전자/디지털",배송완료,Y
CP2000361,2026.03.02,"여성 오버핏 맨투맨 봄 신상",L,1,19900,19900,0,0,2035,17865,"패션의류",구매확정,N
CP2000362,2026.01.28,"스테인리스 텀블러 500ml",,3,47700,47700,0,0,5271,42429,"생활/건강",구매확정,N
CP2000363,2026.01.11,"유기농 현미 5kg",그레이,1,22900,22900,0,0,2335,20565,"식품",구매확정,Y
CP2000364,2025.10.28,"강아지 사료 연어맛 6kg",FREE,3,98700,87843,10857,2735,9845,75263,"반려동물",배송완료,Y
CP2000365,2026.03.14,"접이식 캠핑 의자 경량형",,3,74700,74700,0,0,8368,66332,"스포츠/레저",구매확정,N
CP2000366,2025.11.03,"LED 데스크 무드등 조명",L,1,18900,18900,0,0,1892,17008,"인테리어",구매확정,N
CP2000367,2026.01.07,"남성 슬림핏 치노 팬츠",그레이,3,89700,89700,0,0,9336,80364,"패션의류",구매확정,N
CP2000368,2026.02.20,"키즈 보온 패딩 점퍼 120-160",XL,2,71800,71800,0,2936,7528,61336,"유아동",구매확정,Y
CP2000369,2025.11.16,"에어프라이어 5L 디지털",네이비,2,99800,99800,0,0,11300,88500,"주방가전",구매확정,N
CP2000370,2026.02.21,"비타민C 1000mg 180정",XL,1,12900,12900,0,2733,1482,8685,"건강식품",구매확정,N
CP2000371,2025.10.20,"실리콘 주방매트 세트",XL,2,19800,18216,1584,2938,2066,13212,"주방용품",구매확정,Y
CP2000372,2025.12.08,"무선 블루투스 이어폰 TWS-500",XL,3,89700,80730,8970,0,9208,71522,"전자/디지털",구매확정,N
CP2000373,2025.10.14,"여성 오버핏 맨투맨 봄 신상",M,1,19900,19900,0,0,2198,17702,"패션의류",구매확정,N
CP2000374,2025.10.13,"스테인리스 텀블러 500ml",L,2,31800,31800,0,2579,3395,25826,"생활/건강",배송완료,N
CP2000375,2026.01.29,"유기농 현미 5kg",S,1,22900,22900,0,0,2504,20396,"식품",구매확정,N
CP2000376,2025.12.08,"강아지 사료 연어맛 6kg",베이지,3,98700,93765,4935,2838,11473,79454,"반려동물",구매확정,Y
CP2000377,2025.12.07,"접이식 캠핑 의자 경량형",FREE,1,24900,24900,0,2763,2728,19409,"스포츠/레저",배송완료,Y
CP2000378,2026.01.31,"LED 데스크 무드등 조명",M,3,56700,48762,7938,0,6569,42193,"인테리어",구매확정,N
CP2000379,2026.02.19,"남성 슬림핏 치노 팬츠",그레이,1,29900,29900,0,0,3059,26841,"패션의류",구매확정,Y
CP2000380,2026.01.28,"키즈 보온 패딩 점퍼 120-160",네이비,2,71800,66774,5026,0,8383,58391,"유아동",구매확정,Y
CP2000381,2025.11.02,"에어프라이어 5L 디지털",S,3,149700,149700,0,2979,15514,131207,"주방가전",구매확정,Y
CP2000382,2026.03.04,"비타민C 1000mg 180정",S,3,38700,38700,0,0,3998,34702,"건강식품",구매확정,N
CP2000383,2025.11.12,"실리콘 주방매트 세트",M,3,29700,29700,0,2885,3466,23349,"주방용품",배송완료,Y
CP2000384,2025.12.11,"무선 블루투스 이어폰 TWS-500",,2,59800,55016,4784,2883,6638,45495,"전자/디지털",구매확정,N
CP2000385,2025.10.13,"여성 오버핏 맨투맨 봄 신상",화이트,3,59700,59700,0,2796,6393,50511,"패션의류",구매확정,N
CP2000386,2025.10.20,"스테인리스 텀블러 500ml",,2,31800,29892,1908,2511,3647,23734,"생활/건강",구매확정,N
CP2000387,2025.11.26,"유기농 현미 5kg",화이트,1,22900,22900,0,0,2626,20274,"식품",구매확정,N
CP2000388,2026.02.28,"강아지 사료 연어맛 6kg",베이지,1,32900,32900,0,0,3685,29215,"반려동물",구매확정,N
CP2000389,2025.10.02,"접이식 캠핑 의자 경량형",,2,49800,49800,0,2730,5740,41330,"스포츠/레저",구매확정,N
CP2000390,2025.10.02,"LED 데스크 무드등 조명",,2,37800,37800,0,2963,4290,30547,"인테리어",구매확정,N
CP2000391,2025.10.28,"남성 슬림핏 치노 팬츠",,1,29900,29900,0,2582,3005,24313,"패션의류",구매확정,Y
CP2000392,2025.10.06,"키즈 보온 패딩 점퍼 120-160",화이트,2,71800,71800,0,2563,8228,61009,"유아동",구매확정,N
CP2000393,2025.12.11,"에어프라이어 5L 디지털",그레이,2,99800,99800,0,2637,9863,87300,"주방가전",구매확정,N
CP2000394,2025.12.07,"비타민C 1000mg 180정",L,2,25800,23736,2064,0,3007,20729,"건강식품",구매확정,Y
CP2000395,2026.02.04,"실리콘 주방매트 세트",,2,19800,19800,0,2664,2290,14846,"주방용품",구매확정,N
CP2000396,2026.03.12,"무선 블루투스 이어폰 TWS-500",화이트,1,29900,29900,0,2730,3517,23653,"전자/디지털",구매확정,N
CP2000397,2025.10.18,"여성 오버핏 맨투맨 봄 신상",,3,59700,59700,0,0,6034,53666,"패션의류",구매확정,N
CP2000398,2026.03.14,"스테인리스 텀블러 500ml",블랙,3,47700,44361,3339,0,5261,39100,"생활/건강",구매확정,N
CP2000399,2026.01.22,"유기농 현미 5kg",FREE,3,68700,68700,0,0,6933,61767,"식품",배송완료,Y
CP2000400,2025.11.11,"강아지 사료 연어맛 6kg",,3,98700,98700,0,2917,11406,84377,"반려동물",배송완료,Y
CP2000401,2026.02.04,"접이식 캠핑 의자 경량형",FREE,3,74700,74700,0,0,8582,66118,"스포츠/레저",구매확정,N
CP2000402,2025.10.23,"LED 데스크 무드등 조명",베이지,3,56700,56700,0,0,5844,50856,"인테리어",구매확정,N
CP2000403,2025.11.20,"남성 슬림핏 치노 팬츠",,3,89700,89700,0,0,9343,80357,"패션의류",구매확정,N
CP2000404,2026.01.27,"키즈 보온 패딩 점퍼 120-160",화이트,3,107700,91545,16155,0,11709,79836,"유아동",구매확정,N
CP2000405,2025.10.04,"에어프라이어 5L 디지털",,3,149700,149700,0,0,17091,132609,"주방가전",구매확정,Y
CP2000406,2026.02.23,"비타민C 1000mg 180정",블랙,1,12900,12900,0,2700,1318,8882,"건강식품",구매확정,Y
CP2000407,2025.11.18,"실리콘 주방매트 세트",그레이,1,9900,9900,0,0,1120,8780,"주방용품",구매확정,N
CP2000408,2025.10.28,"무선 블루투스 이어폰 TWS-500",XL,3,89700,89700,0,2867,8853,77980,"전자/디지털",배송완료,Y
CP2000409,2026.03.08,"여성 오버핏 맨투맨 봄 신상",L,3,59700,59700,0,0,5976,53724,"패션의류",구매확정,N
CP2000410,2025.12.30,"스테인리스 텀블러 500ml",네이비,3,47700,47700,0,0,5373,42327,"생활/건강",구매확정,N
CP2000411,2025.11.11,"유기농 현미 5kg",XL,1,22900,21755,1145,0,2320,19435,"식품",구매확정,N
CP2000412,2025.12.12,"강아지 사료 연어맛 6kg",네이비,2,65800,65800,0,2956,7626,55218,"반려동물",구매확정,N
CP2000413,2026.02.28,"접이식 캠핑 의자 경량형",베이지,3,74700,74700,0,0,8434,66266,"스포츠/레저",구매확정,N
CP2000414,2025.11.01,"LED 데스크 무드등 조명",,2,37800,37800,0,0,3902,33898,"인테리어",구매확정,Y
CP2000415,2025.11.19,"남성 슬림핏 치노 팬츠",,3,89700,76245,13455,2832,8983,64430,"패션의류",구매확정,N
CP2000416,2025.10.13,"키즈 보온 패딩 점퍼 120-160",S,1,35900,35900,0,0,3951,31949,"유아동",구매확정,Y
CP2000417,2025.12.08,"에어프라이어 5L 디지털",FREE,3,149700,130239,19461,0,14859,115380,"주방가전",구매확정,N
CP2000418,2025.12.22,"비타민C 1000mg 180정",S,3,38700,35217,3483,0,4400,30817,"건강식품",구매확정,N
CP2000419,2025.11.24,"실리콘 주방매트 세트",M,1,9900,9108,792,0,1124,7984,"주방용품",구매확정,N